site,timestamp_local,demand_LD_kg,demand_MD_kg,demand_HD_kg
mbta,2026-08-07 00:00:00,157.2165281713185,48.21802508123662,0.0
mbta,2026-08-07 01:00:00,478.65354716656924,62.10692329053596,0.0
mbta,2026-08-07 02:00:00,142.23023842120227,0.0,0.0
mbta,2026-08-07 03:00:00,0.0,0.0,0.0
mbta,2026-08-07 04:00:00,1.0432775807838572,0.0,0.0
mbta,2026-08-07 05:00:00,2.0865551615677145,0.0,0.0
mbta,2026-08-07 06:00:00,16.282381961345166,0.0,0.0
mbta,2026-08-07 07:00:00,46.32380256410332,0.0,0.0
mbta,2026-08-07 08:00:00,282.62647544823045,0.0,0.0
mbta,2026-08-07 09:00:00,699.4260952153373,22.227326433641757,0.0
mbta,2026-08-07 10:00:00,534.5821050299649,22.984500959818167,0.0
mbta,2026-08-07 11:00:00,350.014816416128,22.54220962601802,0.0
mbta,2026-08-07 12:00:00,367.40211624565524,52.836879446089306,0.0
mbta,2026-08-07 13:00:00,522.4465173102042,122.8086552517275,0.0
mbta,2026-08-07 14:00:00,176.57900725366423,65.5670333442178,0.0
mbta,2026-08-07 15:00:00,159.30413977720124,0.0,0.0
mbta,2026-08-07 16:00:00,154.79251751595672,100.82919276990299,0.0
mbta,2026-08-07 17:00:00,180.04787762925795,48.81870763035975,0.0
mbta,2026-08-07 18:00:00,510.46592734350924,130.27307998015706,0.0
mbta,2026-08-07 19:00:00,713.4616940442917,157.81258661746242,33.25417077428698
mbta,2026-08-07 20:00:00,529.2424166655754,124.16202065249334,190.36313944589472
mbta,2026-08-07 21:00:00,550.649079907869,202.97434355482915,127.15012618073393
mbta,2026-08-07 22:00:00,378.6520930736651,170.48440404014622,210.60437487042066
mbta,2026-08-07 23:00:00,95.03384667111864,62.8892791602762,53.4344525349588
mbta,2026-08-08 00:00:00,192.94229129288422,62.714305102112505,35.80588483454897
mbta,2026-08-08 01:00:00,522.7049848129516,66.65089843394541,35.27974855484707
mbta,2026-08-08 02:00:00,134.52339263373057,0.0,0.0
mbta,2026-08-08 03:00:00,0.0,0.0,0.0
mbta,2026-08-08 04:00:00,0.0,0.0,0.0
mbta,2026-08-08 05:00:00,5.6831599933080446,0.0,0.0
mbta,2026-08-08 06:00:00,18.45050287340964,0.0,0.0
mbta,2026-08-08 07:00:00,81.92642833800076,0.0,0.0
mbta,2026-08-08 08:00:00,218.14116301825567,0.0,0.0
mbta,2026-08-08 09:00:00,287.42484378747815,0.0,0.0
mbta,2026-08-08 10:00:00,289.818763383306,0.0,0.0
mbta,2026-08-08 11:00:00,249.53544059799083,22.3882393157751,0.0
mbta,2026-08-08 12:00:00,252.58755517599735,22.588764345279216,0.0
mbta,2026-08-08 13:00:00,415.18244958216985,10.856670732907743,0.0
mbta,2026-08-08 14:00:00,267.994543488905,14.874553988539562,0.0
mbta,2026-08-08 15:00:00,164.24691553733322,11.304518698760265,0.0
mbta,2026-08-08 16:00:00,336.5964164620203,11.50868061947718,0.0
mbta,2026-08-08 17:00:00,326.5427128665385,10.856670732907743,0.0
mbta,2026-08-08 18:00:00,264.253568016139,101.32371285588805,60.38503290435672
mbta,2026-08-08 19:00:00,303.16344318659975,62.841971192053656,95.7194238060462
mbta,2026-08-08 20:00:00,249.05139467512052,133.11435630399262,35.85419815367846
mbta,2026-08-08 21:00:00,323.7140053905761,247.6999640090906,137.15351301287447
mbta,2026-08-08 22:00:00,308.45555527801514,179.77806874549694,143.74877601622472
mbta,2026-08-08 23:00:00,145.6450253791971,73.67213934376261,0.0
mbta,2026-08-09 00:00:00,210.96782638475923,27.794715506588574,37.24415115571771
mbta,2026-08-09 01:00:00,480.6184179768356,0.0,38.740564632489985
mbta,2026-08-09 02:00:00,59.57499287382005,0.0,0.0
mbta,2026-08-09 03:00:00,0.0,0.0,0.0
mbta,2026-08-09 04:00:00,0.0,0.0,0.0
mbta,2026-08-09 05:00:00,2.8254939675763424,0.0,0.0
mbta,2026-08-09 06:00:00,13.685220028670901,0.0,0.0
mbta,2026-08-09 07:00:00,51.21814854512198,0.0,0.0
mbta,2026-08-09 08:00:00,204.73346738900037,0.0,0.0
mbta,2026-08-09 09:00:00,208.79804814447832,0.0,0.0
mbta,2026-08-09 10:00:00,162.31380501316025,10.856670732907743,0.0
mbta,2026-08-09 11:00:00,193.21139839204758,22.732538508541257,0.0
mbta,2026-08-09 12:00:00,238.74209695351786,11.066677943099512,0.0
mbta,2026-08-09 13:00:00,374.88989074141256,11.365533768046257,0.0
mbta,2026-08-09 14:00:00,289.35609608374136,10.838255360311837,0.0
mbta,2026-08-09 15:00:00,140.9230896246955,0.0,0.0
mbta,2026-08-09 16:00:00,274.7821789246285,0.0,0.0
mbta,2026-08-09 17:00:00,318.09308609873295,20.194195175965525,0.0
mbta,2026-08-09 18:00:00,194.35797492413255,0.0,0.0
mbta,2026-08-09 19:00:00,258.85234530512696,40.17348452983156,116.95438394601979
mbta,2026-08-09 20:00:00,248.7696084855012,66.84166411361474,112.5439797159453
mbta,2026-08-09 21:00:00,292.9048557153728,97.25031055769996,170.63419921036694
mbta,2026-08-09 22:00:00,251.29984021913702,58.66640698557849,173.79909615607573
mbta,2026-08-09 23:00:00,69.2851768459062,10.991904290451279,67.36875856653997
mbta,2026-08-10 00:00:00,180.7512049828467,48.21802508123662,0.0
mbta,2026-08-10 01:00:00,545.6585565849288,62.10692329053596,0.0
mbta,2026-08-10 02:00:00,60.20784226534028,0.0,0.0
mbta,2026-08-10 03:00:00,0.0,0.0,0.0
mbta,2026-08-10 04:00:00,1.0432775807838572,0.0,0.0
mbta,2026-08-10 05:00:00,7.9310009488743205,0.0,0.0
mbta,2026-08-10 06:00:00,32.94305226768855,0.0,0.0
mbta,2026-08-10 07:00:00,64.47942695621339,0.0,0.0
mbta,2026-08-10 08:00:00,303.9971029361567,0.0,0.0
mbta,2026-08-10 09:00:00,715.1296610187873,22.227326433641757,0.0
mbta,2026-08-10 10:00:00,543.5695245596283,22.984500959818167,0.0
mbta,2026-08-10 11:00:00,369.89105520303303,22.54220962601802,0.0
mbta,2026-08-10 12:00:00,388.1814917274221,52.836879446089306,0.0
mbta,2026-08-10 13:00:00,545.0728508385525,122.8086552517275,0.0
mbta,2026-08-10 14:00:00,198.16718555778405,65.5670333442178,0.0
mbta,2026-08-10 15:00:00,171.55611527728584,0.0,0.0
mbta,2026-08-10 16:00:00,194.08774045135155,100.82919276990299,0.0
mbta,2026-08-10 17:00:00,195.4954482522347,48.81870763035975,0.0
mbta,2026-08-10 18:00:00,530.6463763036974,130.27307998015706,0.0
mbta,2026-08-10 19:00:00,693.549067195354,133.04012685624787,33.25417077428698
mbta,2026-08-10 20:00:00,533.5191990196333,96.31553323884802,222.5010612597917
mbta,2026-08-10 21:00:00,577.7682931270983,202.97434355482915,129.7075924134336
mbta,2026-08-10 22:00:00,404.62553005493635,214.96257639283687,170.76108079487284
mbta,2026-08-10 23:00:00,119.08797333990762,62.8892791602762,53.4344525349588
mbta,2026-08-11 00:00:00,180.7512049828467,48.21802508123662,0.0
mbta,2026-08-11 01:00:00,545.6585565849288,62.10692329053596,0.0
mbta,2026-08-11 02:00:00,60.20784226534028,0.0,0.0
mbta,2026-08-11 03:00:00,0.0,0.0,0.0
mbta,2026-08-11 04:00:00,1.0432775807838572,0.0,0.0
mbta,2026-08-11 05:00:00,7.9310009488743205,0.0,0.0
mbta,2026-08-11 06:00:00,32.94305226768855,0.0,0.0
mbta,2026-08-11 07:00:00,64.47942695621339,0.0,0.0
mbta,2026-08-11 08:00:00,303.9971029361567,0.0,0.0
mbta,2026-08-11 09:00:00,715.1296610187873,22.227326433641757,0.0
mbta,2026-08-11 10:00:00,543.5695245596283,22.984500959818167,0.0
mbta,2026-08-11 11:00:00,369.89105520303303,22.54220962601802,0.0
mbta,2026-08-11 12:00:00,388.1814917274221,52.836879446089306,0.0
mbta,2026-08-11 13:00:00,545.0728508385525,122.8086552517275,0.0
mbta,2026-08-11 14:00:00,198.16718555778405,65.5670333442178,0.0
mbta,2026-08-11 15:00:00,171.55611527728584,0.0,0.0
mbta,2026-08-11 16:00:00,194.08774045135155,100.82919276990299,0.0
mbta,2026-08-11 17:00:00,195.4954482522347,48.81870763035975,0.0
mbta,2026-08-11 18:00:00,530.6463763036974,130.27307998015706,0.0
mbta,2026-08-11 19:00:00,693.549067195354,133.04012685624787,33.25417077428698
mbta,2026-08-11 20:00:00,533.5191990196333,96.31553323884802,222.5010612597917
mbta,2026-08-11 21:00:00,577.7682931270983,202.97434355482915,129.7075924134336
mbta,2026-08-11 22:00:00,404.62553005493635,214.96257639283687,170.76108079487284
mbta,2026-08-11 23:00:00,119.08797333990762,62.8892791602762,53.4344525349588
mbta,2026-08-12 00:00:00,180.7512049828467,48.21802508123662,0.0
mbta,2026-08-12 01:00:00,544.6520862655948,62.10692329053596,0.0
mbta,2026-08-12 02:00:00,60.20784226534028,0.0,0.0
mbta,2026-08-12 03:00:00,0.0,0.0,0.0
mbta,2026-08-12 04:00:00,0.0,0.0,0.0
mbta,2026-08-12 05:00:00,5.844445787306606,0.0,0.0
mbta,2026-08-12 06:00:00,30.893304367570718,0.0,0.0
mbta,2026-08-12 07:00:00,60.37993115597774,0.0,0.0
mbta,2026-08-12 08:00:00,301.94735503603886,0.0,0.0
mbta,2026-08-12 09:00:00,714.1231906994533,22.227326433641757,0.0
mbta,2026-08-12 10:00:00,542.5262469788445,22.984500959818167,0.0
mbta,2026-08-12 11:00:00,368.88458488369906,22.54220962601802,0.0
mbta,2026-08-12 12:00:00,387.13821414663823,52.836879446089306,0.0
mbta,2026-08-12 13:00:00,544.0663805192186,122.8086552517275,0.0
mbta,2026-08-12 14:00:00,197.12390797700021,65.5670333442178,0.0
mbta,2026-08-12 15:00:00,169.50636737716803,0.0,0.0
mbta,2026-08-12 16:00:00,192.0379925512337,100.82919276990299,0.0
mbta,2026-08-12 17:00:00,193.4457003521169,48.81870763035975,0.0
mbta,2026-08-12 18:00:00,528.5966284035795,130.27307998015706,0.0
mbta,2026-08-12 19:00:00,690.4928489759022,133.04012685624787,33.25417077428698
mbta,2026-08-12 20:00:00,531.4694511195155,96.31553323884802,222.5010612597917
mbta,2026-08-12 21:00:00,576.7618228077644,202.97434355482915,129.7075924134336
mbta,2026-08-12 22:00:00,402.5757821548185,214.96257639283687,170.76108079487284
mbta,2026-08-12 23:00:00,118.08150302057365,62.8892791602762,53.4344525349588
mbta,2026-08-13 00:00:00,180.7512049828467,48.21802508123662,0.0
mbta,2026-08-13 01:00:00,544.6520862655948,62.10692329053596,0.0
mbta,2026-08-13 02:00:00,60.20784226534028,0.0,0.0
mbta,2026-08-13 03:00:00,0.0,0.0,0.0
mbta,2026-08-13 04:00:00,0.0,0.0,0.0
mbta,2026-08-13 05:00:00,5.844445787306606,0.0,0.0
mbta,2026-08-13 06:00:00,30.893304367570718,0.0,0.0
mbta,2026-08-13 07:00:00,60.37993115597774,0.0,0.0
mbta,2026-08-13 08:00:00,301.94735503603886,0.0,0.0
mbta,2026-08-13 09:00:00,714.1231906994533,22.227326433641757,0.0
mbta,2026-08-13 10:00:00,542.5262469788445,22.984500959818167,0.0
mbta,2026-08-13 11:00:00,368.88458488369906,22.54220962601802,0.0
mbta,2026-08-13 12:00:00,387.13821414663823,52.836879446089306,0.0
mbta,2026-08-13 13:00:00,544.0663805192186,122.8086552517275,0.0
mbta,2026-08-13 14:00:00,197.12390797700021,65.5670333442178,0.0
mbta,2026-08-13 15:00:00,169.50636737716803,0.0,0.0
mbta,2026-08-13 16:00:00,192.0379925512337,100.82919276990299,0.0
mbta,2026-08-13 17:00:00,193.4457003521169,48.81870763035975,0.0
mbta,2026-08-13 18:00:00,528.5966284035795,130.27307998015706,0.0
mbta,2026-08-13 19:00:00,690.4928489759022,133.04012685624787,33.25417077428698
mbta,2026-08-13 20:00:00,531.4694511195155,96.31553323884802,222.5010612597917
mbta,2026-08-13 21:00:00,576.7618228077644,202.97434355482915,129.7075924134336
mbta,2026-08-13 22:00:00,402.5757821548185,214.96257639283687,170.76108079487284
mbta,2026-08-13 23:00:00,118.08150302057365,62.8892791602762,53.4344525349588
mbta,2026-08-14 00:00:00,177.27602843715195,48.21802508123662,0.0
mbta,2026-08-14 01:00:00,498.3504208296563,62.10692329053596,0.0
mbta,2026-08-14 02:00:00,151.15316972538645,0.0,0.0
mbta,2026-08-14 03:00:00,0.0,0.0,0.0
mbta,2026-08-14 04:00:00,0.0,0.0,0.0
mbta,2026-08-14 05:00:00,5.844445787306606,0.0,0.0
mbta,2026-08-14 06:00:00,30.893304367570718,0.0,0.0
mbta,2026-08-14 07:00:00,60.37993115597774,0.0,0.0
mbta,2026-08-14 08:00:00,299.9696999629636,0.0,0.0
mbta,2026-08-14 09:00:00,717.2417771390959,22.227326433641757,0.0
mbta,2026-08-14 10:00:00,551.6944518412911,22.984500959818167,0.0
mbta,2026-08-14 11:00:00,365.83091478693905,22.54220962601802,0.0
mbta,2026-08-14 12:00:00,383.1814073550164,52.836879446089306,0.0
mbta,2026-08-14 13:00:00,538.2626156810152,122.8086552517275,0.0
mbta,2026-08-14 14:00:00,191.2896815643379,65.5670333442178,0.0
mbta,2026-08-14 15:00:00,172.98395616581348,0.0,0.0
mbta,2026-08-14 16:00:00,169.049986916579,100.82919276990299,0.0
mbta,2026-08-14 17:00:00,193.4457003521169,48.81870763035975,0.0
mbta,2026-08-14 18:00:00,525.9607447668724,130.27307998015706,0.0
mbta,2026-08-14 19:00:00,726.3994790168475,157.81258661746242,33.25417077428698
mbta,2026-08-14 20:00:00,540.7849994568127,124.16202065249334,190.36313944589472
mbta,2026-08-14 21:00:00,564.8812100905877,202.97434355482915,127.15012618073393
mbta,2026-08-14 22:00:00,392.5006406863307,170.48440404014622,210.60437487042066
mbta,2026-08-14 23:00:00,112.94523627410145,62.8892791602762,53.4344525349588
mbta,2026-08-15 00:00:00,191.93582097355025,62.714305102112505,35.80588483454897
mbta,2026-08-15 01:00:00,522.7049848129516,66.65089843394541,35.27974855484707
mbta,2026-08-15 02:00:00,134.52339263373057,0.0,0.0
mbta,2026-08-15 03:00:00,0.0,0.0,0.0
mbta,2026-08-15 04:00:00,0.0,0.0,0.0
mbta,2026-08-15 05:00:00,4.639882412524187,0.0,0.0
mbta,2026-08-15 06:00:00,17.44403255407567,0.0,0.0
mbta,2026-08-15 07:00:00,80.8831507572169,0.0,0.0
mbta,2026-08-15 08:00:00,217.1346926989217,0.0,0.0
mbta,2026-08-15 09:00:00,286.3815662066943,0.0,0.0
mbta,2026-08-15 10:00:00,288.81229306397205,0.0,0.0
mbta,2026-08-15 11:00:00,248.49216301720696,22.3882393157751,0.0
mbta,2026-08-15 12:00:00,251.58108485666338,22.588764345279216,0.0
mbta,2026-08-15 13:00:00,414.139172001386,10.856670732907743,0.0
mbta,2026-08-15 14:00:00,266.988073169571,14.874553988539562,0.0
mbta,2026-08-15 15:00:00,163.2036379565494,11.304518698760265,0.0
mbta,2026-08-15 16:00:00,335.5899461426863,11.50868061947718,0.0
mbta,2026-08-15 17:00:00,325.49943528575466,10.856670732907743,0.0
mbta,2026-08-15 18:00:00,262.20382011602123,101.32371285588805,60.38503290435672
mbta,2026-08-15 19:00:00,303.16344318659975,62.841971192053656,95.7194238060462
mbta,2026-08-15 20:00:00,248.04492435578655,133.11435630399262,35.85419815367846
mbta,2026-08-15 21:00:00,322.67072780979225,247.6999640090906,137.15351301287447
mbta,2026-08-15 22:00:00,307.44908495868117,179.77806874549694,143.74877601622472
mbta,2026-08-15 23:00:00,144.60174779841327,73.67213934376261,0.0
mbta,2026-08-16 00:00:00,209.96135606542526,27.794715506588574,37.24415115571771
mbta,2026-08-16 01:00:00,480.6184179768356,0.0,38.740564632489985
mbta,2026-08-16 02:00:00,59.57499287382005,0.0,0.0
mbta,2026-08-16 03:00:00,0.0,0.0,0.0
mbta,2026-08-16 04:00:00,0.0,0.0,0.0
mbta,2026-08-16 05:00:00,1.7822163867924852,0.0,0.0
mbta,2026-08-16 06:00:00,12.67874970933693,0.0,0.0
mbta,2026-08-16 07:00:00,50.17487096433812,0.0,0.0
mbta,2026-08-16 08:00:00,203.7269970696664,0.0,0.0
mbta,2026-08-16 09:00:00,207.75477056369445,0.0,0.0
mbta,2026-08-16 10:00:00,161.30733469382628,10.856670732907743,0.0
mbta,2026-08-16 11:00:00,192.16812081126372,22.732538508541257,0.0
mbta,2026-08-16 12:00:00,237.7356266341839,11.066677943099512,0.0
mbta,2026-08-16 13:00:00,373.8466131606287,11.365533768046257,0.0
mbta,2026-08-16 14:00:00,288.3496257644074,10.838255360311837,0.0
mbta,2026-08-16 15:00:00,139.87981204391164,0.0,0.0
mbta,2026-08-16 16:00:00,273.77570860529454,0.0,0.0
mbta,2026-08-16 17:00:00,317.0498085179491,20.194195175965525,0.0
mbta,2026-08-16 18:00:00,192.3082270240147,0.0,0.0
mbta,2026-08-16 19:00:00,258.85234530512696,40.17348452983156,116.95438394601979
mbta,2026-08-16 20:00:00,247.76313816616724,66.84166411361474,112.5439797159453
mbta,2026-08-16 21:00:00,291.8615781345889,97.25031055769996,170.63419921036694
mbta,2026-08-16 22:00:00,250.29336989980305,58.66640698557849,173.79909615607573
mbta,2026-08-16 23:00:00,68.24189926512234,10.991904290451279,67.36875856653997
mbta,2026-08-17 00:00:00,160.90067483793737,48.21802508123662,0.0
mbta,2026-08-17 01:00:00,534.7806334446748,62.10692329053596,0.0
mbta,2026-08-17 02:00:00,60.20784226534028,0.0,0.0
mbta,2026-08-17 03:00:00,0.0,0.0,0.0
mbta,2026-08-17 04:00:00,0.0,0.0,0.0
mbta,2026-08-17 05:00:00,0.0,0.0,0.0
mbta,2026-08-17 06:00:00,14.232634061227337,0.0,0.0
mbta,2026-08-17 07:00:00,42.22430676386766,0.0,0.0
mbta,2026-08-17 08:00:00,282.5543826211879,0.0,0.0
mbta,2026-08-17 09:00:00,695.3010384563606,22.227326433641757,0.0
mbta,2026-08-17 10:00:00,524.3706225867345,22.984500959818167,0.0
mbta,2026-08-17 11:00:00,352.0620161935541,22.54220962601802,0.0
mbta,2026-08-17 12:00:00,370.3156454564932,52.836879446089306,0.0
mbta,2026-08-17 13:00:00,527.2438118290736,122.8086552517275,0.0
mbta,2026-08-17 14:00:00,181.36995608554267,65.5670333442178,0.0
mbta,2026-08-17 15:00:00,153.77680308843796,0.0,0.0
mbta,2026-08-17 16:00:00,175.7307752504936,100.82919276990299,0.0
mbta,2026-08-17 17:00:00,177.99812972914012,48.81870763035975,0.0
mbta,2026-08-17 18:00:00,511.0520630800986,130.27307998015706,0.0
mbta,2026-08-17 19:00:00,674.4988457838946,133.04012685624787,33.25417077428698
mbta,2026-08-17 20:00:00,517.8771204281604,96.31553323884802,222.5010612597917
mbta,2026-08-17 21:00:00,561.5232223057117,202.97434355482915,129.7075924134336
mbta,2026-08-17 22:00:00,386.6774866420351,214.96257639283687,170.76108079487284
mbta,2026-08-17 23:00:00,99.16364309825687,62.8892791602762,53.4344525349588
mbta,2026-08-18 00:00:00,160.90067483793737,48.21802508123662,0.0
mbta,2026-08-18 01:00:00,534.7806334446748,62.10692329053596,0.0
mbta,2026-08-18 02:00:00,60.20784226534028,0.0,0.0
mbta,2026-08-18 03:00:00,0.0,0.0,0.0
mbta,2026-08-18 04:00:00,0.0,0.0,0.0
mbta,2026-08-18 05:00:00,0.0,0.0,0.0
mbta,2026-08-18 06:00:00,14.232634061227337,0.0,0.0
mbta,2026-08-18 07:00:00,42.22430676386766,0.0,0.0
mbta,2026-08-18 08:00:00,282.5543826211879,0.0,0.0
mbta,2026-08-18 09:00:00,695.3010384563606,22.227326433641757,0.0
mbta,2026-08-18 10:00:00,524.3706225867345,22.984500959818167,0.0
mbta,2026-08-18 11:00:00,352.0620161935541,22.54220962601802,0.0
mbta,2026-08-18 12:00:00,370.3156454564932,52.836879446089306,0.0
mbta,2026-08-18 13:00:00,527.2438118290736,122.8086552517275,0.0
mbta,2026-08-18 14:00:00,181.36995608554267,65.5670333442178,0.0
mbta,2026-08-18 15:00:00,153.77680308843796,0.0,0.0
mbta,2026-08-18 16:00:00,175.7307752504936,100.82919276990299,0.0
mbta,2026-08-18 17:00:00,177.99812972914012,48.81870763035975,0.0
mbta,2026-08-18 18:00:00,511.0520630800986,130.27307998015706,0.0
mbta,2026-08-18 19:00:00,674.4988457838946,133.04012685624787,33.25417077428698
mbta,2026-08-18 20:00:00,517.8771204281604,96.31553323884802,222.5010612597917
mbta,2026-08-18 21:00:00,561.5232223057117,202.97434355482915,129.7075924134336
mbta,2026-08-18 22:00:00,386.6774866420351,214.96257639283687,170.76108079487284
mbta,2026-08-18 23:00:00,99.16364309825687,62.8892791602762,53.4344525349588
mbta,2026-08-19 00:00:00,160.90067483793737,48.21802508123662,0.0
mbta,2026-08-19 01:00:00,534.7806334446748,62.10692329053596,0.0
mbta,2026-08-19 02:00:00,60.20784226534028,0.0,0.0
mbta,2026-08-19 03:00:00,0.0,0.0,0.0
mbta,2026-08-19 04:00:00,0.0,0.0,0.0
mbta,2026-08-19 05:00:00,0.0,0.0,0.0
mbta,2026-08-19 06:00:00,14.232634061227337,0.0,0.0
mbta,2026-08-19 07:00:00,42.22430676386766,0.0,0.0
mbta,2026-08-19 08:00:00,282.5543826211879,0.0,0.0
mbta,2026-08-19 09:00:00,695.3010384563606,22.227326433641757,0.0
mbta,2026-08-19 10:00:00,524.3706225867345,22.984500959818167,0.0
mbta,2026-08-19 11:00:00,352.0620161935541,22.54220962601802,0.0
mbta,2026-08-19 12:00:00,370.3156454564932,52.836879446089306,0.0
mbta,2026-08-19 13:00:00,527.2438118290736,122.8086552517275,0.0
mbta,2026-08-19 14:00:00,181.36995608554267,65.5670333442178,0.0
mbta,2026-08-19 15:00:00,153.77680308843796,0.0,0.0
mbta,2026-08-19 16:00:00,175.7307752504936,100.82919276990299,0.0
mbta,2026-08-19 17:00:00,177.99812972914012,48.81870763035975,0.0
mbta,2026-08-19 18:00:00,511.0520630800986,130.27307998015706,0.0
mbta,2026-08-19 19:00:00,674.4988457838946,133.04012685624787,33.25417077428698
mbta,2026-08-19 20:00:00,517.8771204281604,96.31553323884802,222.5010612597917
mbta,2026-08-19 21:00:00,561.5232223057117,202.97434355482915,129.7075924134336
mbta,2026-08-19 22:00:00,386.6774866420351,214.96257639283687,170.76108079487284
mbta,2026-08-19 23:00:00,99.16364309825687,62.8892791602762,53.4344525349588
mbta,2026-08-20 00:00:00,209.78816007233567,48.21802508123662,0.0
mbta,2026-08-20 01:00:00,551.8568967605604,62.10692329053596,0.0
mbta,2026-08-20 02:00:00,60.20784226534028,0.0,0.0
mbta,2026-08-20 03:00:00,0.0,0.0,0.0
mbta,2026-08-20 04:00:00,0.0,0.0,0.0
mbta,2026-08-20 05:00:00,4.300087331360021,0.0,0.0
mbta,2026-08-20 06:00:00,48.53243047372386,0.0,0.0
mbta,2026-08-20 07:00:00,94.52610875089222,0.0,0.0
mbta,2026-08-20 08:00:00,345.10927262093315,0.0,0.0
mbta,2026-08-20 09:00:00,760.434917861718,22.227326433641757,0.0
mbta,2026-08-20 10:00:00,586.1415024009689,22.984500959818167,0.0
mbta,2026-08-20 11:00:00,388.06577305114723,22.54220962601802,0.0
mbta,2026-08-20 12:00:00,408.8698450268907,52.836879446089306,0.0
mbta,2026-08-20 13:00:00,563.2075970067581,122.8086552517275,0.0
mbta,2026-08-20 14:00:00,213.9825799616804,65.5670333442178,0.0
mbta,2026-08-20 15:00:00,190.60403322852477,0.0,0.0
mbta,2026-08-20 16:00:00,236.54709604687054,100.82919276990299,0.0
mbta,2026-08-20 17:00:00,237.06480590696137,48.81870763035975,0.0
mbta,2026-08-20 18:00:00,572.680606957825,130.27307998015706,0.0
mbta,2026-08-20 19:00:00,734.4861555901842,133.04012685624787,33.25417077428698
mbta,2026-08-20 20:00:00,556.4085653048068,96.31553323884802,222.5010612597917
mbta,2026-08-20 21:00:00,601.8158162935208,202.97434355482915,129.7075924134336
mbta,2026-08-20 22:00:00,427.85074257840387,214.96257639283687,170.76108079487284
mbta,2026-08-20 23:00:00,141.17187680972634,62.8892791602762,53.4344525349588
mbta,2026-08-21 00:00:00,205.24628093686496,48.21802508123662,0.0
mbta,2026-08-21 01:00:00,526.5003028952755,62.10692329053596,0.0
mbta,2026-08-21 02:00:00,158.4830284545943,0.0,0.0
mbta,2026-08-21 03:00:00,0.0,0.0,0.0
mbta,2026-08-21 04:00:00,0.0,0.0,0.0
mbta,2026-08-21 05:00:00,4.300087331360021,0.0,0.0
mbta,2026-08-21 06:00:00,48.53243047372386,0.0,0.0
mbta,2026-08-21 07:00:00,94.52610875089222,0.0,0.0
mbta,2026-08-21 08:00:00,343.1316175478579,0.0,0.0
mbta,2026-08-21 09:00:00,763.5535043013607,22.227326433641757,0.0
mbta,2026-08-21 10:00:00,595.3097072634155,22.984500959818167,0.0
mbta,2026-08-21 11:00:00,385.01210295438716,22.54220962601802,0.0
mbta,2026-08-21 12:00:00,404.9130382352689,52.836879446089306,0.0
mbta,2026-08-21 13:00:00,557.4038321685547,122.8086552517275,0.0
mbta,2026-08-21 14:00:00,208.14835354901808,65.5670333442178,0.0
mbta,2026-08-21 15:00:00,194.08162201717022,0.0,0.0
mbta,2026-08-21 16:00:00,213.55909041221582,100.82919276990299,0.0
mbta,2026-08-21 17:00:00,237.06480590696137,48.81870763035975,0.0
mbta,2026-08-21 18:00:00,570.0447233211179,130.27307998015706,0.0
mbta,2026-08-21 19:00:00,770.3927856311295,157.81258661746242,33.25417077428698
mbta,2026-08-21 20:00:00,565.7241136421039,124.16202065249334,190.36313944589472
mbta,2026-08-21 21:00:00,589.9352035763441,202.97434355482915,127.15012618073393
mbta,2026-08-21 22:00:00,417.77560110991607,170.48440404014622,210.60437487042066
mbta,2026-08-21 23:00:00,136.03561006325413,62.8892791602762,53.4344525349588
mbta,2026-08-22 00:00:00,209.5337630541069,62.714305102112505,35.80588483454897
mbta,2026-08-22 01:00:00,541.7823495558798,66.65089843394541,35.27974855484707
mbta,2026-08-22 02:00:00,145.71841244484904,0.0,0.0
mbta,2026-08-22 03:00:00,0.0,0.0,0.0
mbta,2026-08-22 04:00:00,0.0,0.0,0.0
mbta,2026-08-22 05:00:00,5.175036786369311,0.0,0.0
mbta,2026-08-22 06:00:00,28.084606149577372,0.0,0.0
mbta,2026-08-22 07:00:00,91.24744318051573,0.0,0.0
mbta,2026-08-22 08:00:00,225.33920637002026,0.0,0.0
mbta,2026-08-22 09:00:00,299.90602485259654,0.0,0.0
mbta,2026-08-22 10:00:00,304.49773778351215,0.0,0.0
mbta,2026-08-22 11:00:00,263.4177754582857,22.3882393157751,0.0
mbta,2026-08-22 12:00:00,274.79985142753316,22.588764345279216,0.0
mbta,2026-08-22 13:00:00,443.4590401807086,10.856670732907743,0.0
mbta,2026-08-22 14:00:00,293.69872061193075,14.874553988539562,0.0
mbta,2026-08-22 15:00:00,190.32700547150466,11.304518698760265,0.0
mbta,2026-08-22 16:00:00,366.54624004974846,11.50868061947718,0.0
mbta,2026-08-22 17:00:00,353.45778057581066,10.856670732907743,0.0
mbta,2026-08-22 18:00:00,291.8130603205657,101.32371285588805,60.38503290435672
mbta,2026-08-22 19:00:00,324.90889001875263,62.841971192053656,95.7194238060462
mbta,2026-08-22 20:00:00,263.11411007542216,133.11435630399262,35.85419815367846
mbta,2026-08-22 21:00:00,336.65028145994404,247.6999640090906,137.15351301287447
mbta,2026-08-22 22:00:00,321.4496538796293,179.77806874549694,143.74877601622472
mbta,2026-08-22 23:00:00,160.61040644770895,73.67213934376261,0.0
mbta,2026-08-23 00:00:00,229.67353170429286,27.794715506588574,37.24415115571771
mbta,2026-08-23 01:00:00,487.55560113020476,0.0,38.740564632489985
mbta,2026-08-23 02:00:00,59.57499287382005,0.0,0.0
mbta,2026-08-23 03:00:00,0.0,0.0,0.0
mbta,2026-08-23 04:00:00,0.0,0.0,0.0
mbta,2026-08-23 05:00:00,0.0,0.0,0.0
mbta,2026-08-23 06:00:00,14.186315543506652,0.0,0.0
mbta,2026-08-23 07:00:00,61.746130014164684,0.0,0.0
mbta,2026-08-23 08:00:00,216.47328228165142,0.0,0.0
mbta,2026-08-23 09:00:00,218.6251143387879,0.0,0.0
mbta,2026-08-23 10:00:00,171.3985072524908,10.856670732907743,0.0
mbta,2026-08-23 11:00:00,203.02449736794128,22.732538508541257,0.0
mbta,2026-08-23 12:00:00,251.44357076448807,11.066677943099512,0.0
mbta,2026-08-23 13:00:00,390.619759325361,11.365533768046257,0.0
mbta,2026-08-23 14:00:00,304.2937609390523,10.838255360311837,0.0
mbta,2026-08-23 15:00:00,155.16866956871817,0.0,0.0
mbta,2026-08-23 16:00:00,292.1048050364319,0.0,0.0
mbta,2026-08-23 17:00:00,334.0797309288746,20.194195175965525,0.0
mbta,2026-08-23 18:00:00,207.0776535748422,0.0,0.0
mbta,2026-08-23 19:00:00,273.7651341101488,40.17348452983156,116.95438394601979
mbta,2026-08-23 20:00:00,264.3533344378956,66.84166411361474,112.5439797159453
mbta,2026-08-23 21:00:00,308.31342457847705,97.25031055769996,170.63419921036694
mbta,2026-08-23 22:00:00,266.40107232184823,58.66640698557849,173.79909615607573
mbta,2026-08-23 23:00:00,83.12541807448234,10.991904290451279,67.36875856653997
mbta,2026-08-24 00:00:00,209.78816007233567,48.21802508123662,0.0
mbta,2026-08-24 01:00:00,551.8568967605604,62.10692329053596,0.0
mbta,2026-08-24 02:00:00,60.20784226534028,0.0,0.0
mbta,2026-08-24 03:00:00,0.0,0.0,0.0
mbta,2026-08-24 04:00:00,0.0,0.0,0.0
mbta,2026-08-24 05:00:00,4.300087331360021,0.0,0.0
mbta,2026-08-24 06:00:00,48.53243047372386,0.0,0.0
mbta,2026-08-24 07:00:00,94.52610875089222,0.0,0.0
mbta,2026-08-24 08:00:00,345.10927262093315,0.0,0.0
mbta,2026-08-24 09:00:00,760.434917861718,22.227326433641757,0.0
mbta,2026-08-24 10:00:00,586.1415024009689,22.984500959818167,0.0
mbta,2026-08-24 11:00:00,388.06577305114723,22.54220962601802,0.0
mbta,2026-08-24 12:00:00,408.8698450268907,52.836879446089306,0.0
mbta,2026-08-24 13:00:00,563.2075970067581,122.8086552517275,0.0
mbta,2026-08-24 14:00:00,213.9825799616804,65.5670333442178,0.0
mbta,2026-08-24 15:00:00,190.60403322852477,0.0,0.0
mbta,2026-08-24 16:00:00,236.54709604687054,100.82919276990299,0.0
mbta,2026-08-24 17:00:00,237.06480590696137,48.81870763035975,0.0
mbta,2026-08-24 18:00:00,572.680606957825,130.27307998015706,0.0
mbta,2026-08-24 19:00:00,734.4861555901842,133.04012685624787,33.25417077428698
mbta,2026-08-24 20:00:00,556.4085653048068,96.31553323884802,222.5010612597917
mbta,2026-08-24 21:00:00,601.8158162935208,202.97434355482915,129.7075924134336
mbta,2026-08-24 22:00:00,427.85074257840387,214.96257639283687,170.76108079487284
mbta,2026-08-24 23:00:00,141.17187680972634,62.8892791602762,53.4344525349588
mbta,2026-08-25 00:00:00,209.78816007233567,48.21802508123662,0.0
mbta,2026-08-25 01:00:00,551.8568967605604,62.10692329053596,0.0
mbta,2026-08-25 02:00:00,60.20784226534028,0.0,0.0
mbta,2026-08-25 03:00:00,0.0,0.0,0.0
mbta,2026-08-25 04:00:00,0.0,0.0,0.0
mbta,2026-08-25 05:00:00,4.300087331360021,0.0,0.0
mbta,2026-08-25 06:00:00,48.53243047372386,0.0,0.0
mbta,2026-08-25 07:00:00,94.52610875089222,0.0,0.0
mbta,2026-08-25 08:00:00,345.10927262093315,0.0,0.0
mbta,2026-08-25 09:00:00,760.434917861718,22.227326433641757,0.0
mbta,2026-08-25 10:00:00,586.1415024009689,22.984500959818167,0.0
mbta,2026-08-25 11:00:00,388.06577305114723,22.54220962601802,0.0
mbta,2026-08-25 12:00:00,408.8698450268907,52.836879446089306,0.0
mbta,2026-08-25 13:00:00,563.2075970067581,122.8086552517275,0.0
mbta,2026-08-25 14:00:00,213.9825799616804,65.5670333442178,0.0
mbta,2026-08-25 15:00:00,190.60403322852477,0.0,0.0
mbta,2026-08-25 16:00:00,236.54709604687054,100.82919276990299,0.0
mbta,2026-08-25 17:00:00,237.06480590696137,48.81870763035975,0.0
mbta,2026-08-25 18:00:00,572.680606957825,130.27307998015706,0.0
mbta,2026-08-25 19:00:00,734.4861555901842,133.04012685624787,33.25417077428698
mbta,2026-08-25 20:00:00,556.4085653048068,96.31553323884802,222.5010612597917
mbta,2026-08-25 21:00:00,601.8158162935208,202.97434355482915,129.7075924134336
mbta,2026-08-25 22:00:00,427.85074257840387,214.96257639283687,170.76108079487284
mbta,2026-08-25 23:00:00,141.17187680972634,62.8892791602762,53.4344525349588
mbta,2026-08-26 00:00:00,209.78816007233567,48.21802508123662,0.0
mbta,2026-08-26 01:00:00,551.8568967605604,62.10692329053596,0.0
mbta,2026-08-26 02:00:00,60.20784226534028,0.0,0.0
mbta,2026-08-26 03:00:00,0.0,0.0,0.0
mbta,2026-08-26 04:00:00,0.0,0.0,0.0
mbta,2026-08-26 05:00:00,4.300087331360021,0.0,0.0
mbta,2026-08-26 06:00:00,48.53243047372386,0.0,0.0
mbta,2026-08-26 07:00:00,94.52610875089222,0.0,0.0
mbta,2026-08-26 08:00:00,345.10927262093315,0.0,0.0
mbta,2026-08-26 09:00:00,760.434917861718,22.227326433641757,0.0
mbta,2026-08-26 10:00:00,586.1415024009689,22.984500959818167,0.0
mbta,2026-08-26 11:00:00,388.06577305114723,22.54220962601802,0.0
mbta,2026-08-26 12:00:00,408.8698450268907,52.836879446089306,0.0
mbta,2026-08-26 13:00:00,563.2075970067581,122.8086552517275,0.0
mbta,2026-08-26 14:00:00,213.9825799616804,65.5670333442178,0.0
mbta,2026-08-26 15:00:00,190.60403322852477,0.0,0.0
mbta,2026-08-26 16:00:00,236.54709604687054,100.82919276990299,0.0
mbta,2026-08-26 17:00:00,237.06480590696137,48.81870763035975,0.0
mbta,2026-08-26 18:00:00,572.680606957825,130.27307998015706,0.0
mbta,2026-08-26 19:00:00,734.4861555901842,133.04012685624787,33.25417077428698
mbta,2026-08-26 20:00:00,556.4085653048068,96.31553323884802,222.5010612597917
mbta,2026-08-26 21:00:00,601.8158162935208,202.97434355482915,129.7075924134336
mbta,2026-08-26 22:00:00,427.85074257840387,214.96257639283687,170.76108079487284
mbta,2026-08-26 23:00:00,141.17187680972634,62.8892791602762,53.4344525349588
mbta,2026-08-27 00:00:00,209.78816007233567,48.21802508123662,0.0
mbta,2026-08-27 01:00:00,551.8568967605604,62.10692329053596,0.0
mbta,2026-08-27 02:00:00,60.20784226534028,0.0,0.0
mbta,2026-08-27 03:00:00,0.0,0.0,0.0
mbta,2026-08-27 04:00:00,0.0,0.0,0.0
mbta,2026-08-27 05:00:00,4.300087331360021,0.0,0.0
mbta,2026-08-27 06:00:00,48.53243047372386,0.0,0.0
mbta,2026-08-27 07:00:00,94.52610875089222,0.0,0.0
mbta,2026-08-27 08:00:00,345.10927262093315,0.0,0.0
mbta,2026-08-27 09:00:00,760.434917861718,22.227326433641757,0.0
mbta,2026-08-27 10:00:00,586.1415024009689,22.984500959818167,0.0
mbta,2026-08-27 11:00:00,388.06577305114723,22.54220962601802,0.0
mbta,2026-08-27 12:00:00,408.8698450268907,52.836879446089306,0.0
mbta,2026-08-27 13:00:00,563.2075970067581,122.8086552517275,0.0
mbta,2026-08-27 14:00:00,213.9825799616804,65.5670333442178,0.0
mbta,2026-08-27 15:00:00,190.60403322852477,0.0,0.0
mbta,2026-08-27 16:00:00,236.54709604687054,100.82919276990299,0.0
mbta,2026-08-27 17:00:00,237.06480590696137,48.81870763035975,0.0
mbta,2026-08-27 18:00:00,572.680606957825,130.27307998015706,0.0
mbta,2026-08-27 19:00:00,734.4861555901842,133.04012685624787,33.25417077428698
mbta,2026-08-27 20:00:00,556.4085653048068,96.31553323884802,222.5010612597917
mbta,2026-08-27 21:00:00,601.8158162935208,202.97434355482915,129.7075924134336
mbta,2026-08-27 22:00:00,427.85074257840387,214.96257639283687,170.76108079487284
mbta,2026-08-27 23:00:00,141.17187680972634,62.8892791602762,53.4344525349588
mbta,2026-08-28 00:00:00,205.24628093686496,48.21802508123662,0.0
mbta,2026-08-28 01:00:00,526.5003028952755,62.10692329053596,0.0
mbta,2026-08-28 02:00:00,158.4830284545943,0.0,0.0
mbta,2026-08-28 03:00:00,0.0,0.0,0.0
mbta,2026-08-28 04:00:00,0.0,0.0,0.0
mbta,2026-08-28 05:00:00,4.300087331360021,0.0,0.0
mbta,2026-08-28 06:00:00,48.53243047372386,0.0,0.0
mbta,2026-08-28 07:00:00,94.52610875089222,0.0,0.0
mbta,2026-08-28 08:00:00,343.1316175478579,0.0,0.0
mbta,2026-08-28 09:00:00,763.5535043013607,22.227326433641757,0.0
mbta,2026-08-28 10:00:00,595.3097072634155,22.984500959818167,0.0
mbta,2026-08-28 11:00:00,385.01210295438716,22.54220962601802,0.0
mbta,2026-08-28 12:00:00,404.9130382352689,52.836879446089306,0.0
mbta,2026-08-28 13:00:00,557.4038321685547,122.8086552517275,0.0
mbta,2026-08-28 14:00:00,208.14835354901808,65.5670333442178,0.0
mbta,2026-08-28 15:00:00,194.08162201717022,0.0,0.0
mbta,2026-08-28 16:00:00,213.55909041221582,100.82919276990299,0.0
mbta,2026-08-28 17:00:00,237.06480590696137,48.81870763035975,0.0
mbta,2026-08-28 18:00:00,570.0447233211179,130.27307998015706,0.0
mbta,2026-08-28 19:00:00,770.3927856311295,157.81258661746242,33.25417077428698
mbta,2026-08-28 20:00:00,565.7241136421039,124.16202065249334,190.36313944589472
mbta,2026-08-28 21:00:00,589.9352035763441,202.97434355482915,127.15012618073393
mbta,2026-08-28 22:00:00,417.77560110991607,170.48440404014622,210.60437487042066
mbta,2026-08-28 23:00:00,136.03561006325413,62.8892791602762,53.4344525349588
mbta,2026-08-29 00:00:00,209.5337630541069,62.714305102112505,35.80588483454897
mbta,2026-08-29 01:00:00,541.7823495558798,66.65089843394541,35.27974855484707
mbta,2026-08-29 02:00:00,145.71841244484904,0.0,0.0
mbta,2026-08-29 03:00:00,0.0,0.0,0.0
mbta,2026-08-29 04:00:00,0.0,0.0,0.0
mbta,2026-08-29 05:00:00,5.175036786369311,0.0,0.0
mbta,2026-08-29 06:00:00,28.084606149577372,0.0,0.0
mbta,2026-08-29 07:00:00,91.24744318051573,0.0,0.0
mbta,2026-08-29 08:00:00,225.33920637002026,0.0,0.0
mbta,2026-08-29 09:00:00,299.90602485259654,0.0,0.0
mbta,2026-08-29 10:00:00,304.49773778351215,0.0,0.0
mbta,2026-08-29 11:00:00,263.4177754582857,22.3882393157751,0.0
mbta,2026-08-29 12:00:00,274.79985142753316,22.588764345279216,0.0
mbta,2026-08-29 13:00:00,443.4590401807086,10.856670732907743,0.0
mbta,2026-08-29 14:00:00,293.69872061193075,14.874553988539562,0.0
mbta,2026-08-29 15:00:00,190.32700547150466,11.304518698760265,0.0
mbta,2026-08-29 16:00:00,366.54624004974846,11.50868061947718,0.0
mbta,2026-08-29 17:00:00,353.45778057581066,10.856670732907743,0.0
mbta,2026-08-29 18:00:00,291.8130603205657,101.32371285588805,60.38503290435672
mbta,2026-08-29 19:00:00,324.90889001875263,62.841971192053656,95.7194238060462
mbta,2026-08-29 20:00:00,263.11411007542216,133.11435630399262,35.85419815367846
mbta,2026-08-29 21:00:00,336.65028145994404,247.6999640090906,137.15351301287447
mbta,2026-08-29 22:00:00,321.4496538796293,179.77806874549694,143.74877601622472
mbta,2026-08-29 23:00:00,160.61040644770895,73.67213934376261,0.0
mbta,2026-08-30 00:00:00,232.2469038968051,27.794715506588574,37.24415115571771
mbta,2026-08-30 01:00:00,488.43055058521406,0.0,38.740564632489985
mbta,2026-08-30 02:00:00,59.57499287382005,0.0,0.0
mbta,2026-08-30 03:00:00,0.0,0.0,0.0
mbta,2026-08-30 04:00:00,0.0,0.0,0.0
mbta,2026-08-30 05:00:00,0.0,0.0,0.0
mbta,2026-08-30 06:00:00,12.493605299554144,0.0,0.0
mbta,2026-08-30 07:00:00,60.91115223906401,0.0,0.0
mbta,2026-08-30 08:00:00,212.1844451514355,0.0,0.0
mbta,2026-08-30 09:00:00,220.31782458274043,0.0,0.0
mbta,2026-08-30 10:00:00,176.5680063312664,10.856670732907743,0.0
mbta,2026-08-30 11:00:00,205.59215706690307,22.732538508541257,0.0
mbta,2026-08-30 12:00:00,259.12354087615944,11.066677943099512,0.0
mbta,2026-08-30 13:00:00,402.6686847130222,11.365533768046257,0.0
mbta,2026-08-30 14:00:00,315.44480739199633,10.838255360311837,0.0
mbta,2026-08-30 15:00:00,167.17191078292032,0.0,0.0
mbta,2026-08-30 16:00:00,302.4265862078257,0.0,0.0
mbta,2026-08-30 17:00:00,345.24799436797605,20.194195175965525,0.0
mbta,2026-08-30 18:00:00,222.494782464251,0.0,0.0
mbta,2026-08-30 19:00:00,282.3085491842224,40.17348452983156,116.95438394601979
mbta,2026-08-30 20:00:00,266.0917288553072,66.84166411361474,112.5439797159453
mbta,2026-08-30 21:00:00,310.0061348224296,97.25031055769996,170.63419921036694
mbta,2026-08-30 22:00:00,266.42953950914983,58.66640698557849,173.79909615607573
mbta,2026-08-30 23:00:00,87.43147219085569,10.991904290451279,67.36875856653997
mbta,2026-08-31 00:00:00,165.0837069998936,48.678648886291214,0.0
mbta,2026-08-31 01:00:00,535.671276884478,62.871784723966286,0.0
mbta,2026-08-31 02:00:00,60.49025173953212,0.0,0.0
mbta,2026-08-31 03:00:00,0.0,0.0,0.0
mbta,2026-08-31 04:00:00,0.0,0.0,0.0
mbta,2026-08-31 05:00:00,0.0,0.0,0.0
mbta,2026-08-31 06:00:00,6.638928899677986,0.0,0.0
mbta,2026-08-31 07:00:00,71.94326156371552,0.0,0.0
mbta,2026-08-31 08:00:00,284.64828891410826,0.0,0.0
mbta,2026-08-31 09:00:00,709.985075783326,22.227326433641757,0.0
mbta,2026-08-31 10:00:00,588.3588287033077,22.984500959818167,0.0
mbta,2026-08-31 11:00:00,324.7785581162265,11.73540813046884,0.0
mbta,2026-08-31 12:00:00,378.53848369704735,52.836879446089306,0.0
mbta,2026-08-31 13:00:00,498.27462977129215,87.55666623522733,0.0
mbta,2026-08-31 14:00:00,152.74881348242818,38.214423129698574,0.0
mbta,2026-08-31 15:00:00,125.01599466881305,42.25983406715112,0.0
mbta,2026-08-31 16:00:00,170.7673673594462,100.82919276990299,0.0
mbta,2026-08-31 17:00:00,175.63233981726154,48.81870763035975,0.0
mbta,2026-08-31 18:00:00,561.2186586672065,138.88836464434888,0.0
mbta,2026-08-31 19:00:00,674.8918352186146,141.6135905078944,33.25417077428698
mbta,2026-08-31 20:00:00,513.1976578335947,139.63802664239412,184.65560005373766
mbta,2026-08-31 21:00:00,566.1032027142198,225.11551724247144,68.81168878576408
mbta,2026-08-31 22:00:00,403.7036658583838,250.60156219155448,215.13246903609274
mbta,2026-08-31 23:00:00,87.93900787577405,62.8892791602762,53.4344525349588
mbta,2026-09-01 00:00:00,165.0837069998936,48.678648886291214,0.0
mbta,2026-09-01 01:00:00,535.671276884478,62.871784723966286,0.0
mbta,2026-09-01 02:00:00,60.49025173953212,0.0,0.0
mbta,2026-09-01 03:00:00,0.0,0.0,0.0
mbta,2026-09-01 04:00:00,0.0,0.0,0.0
mbta,2026-09-01 05:00:00,0.0,0.0,0.0
mbta,2026-09-01 06:00:00,6.638928899677986,0.0,0.0
mbta,2026-09-01 07:00:00,71.94326156371552,0.0,0.0
mbta,2026-09-01 08:00:00,284.64828891410826,0.0,0.0
mbta,2026-09-01 09:00:00,709.985075783326,22.227326433641757,0.0
mbta,2026-09-01 10:00:00,588.3588287033077,22.984500959818167,0.0
mbta,2026-09-01 11:00:00,324.7785581162265,11.73540813046884,0.0
mbta,2026-09-01 12:00:00,378.53848369704735,52.836879446089306,0.0
mbta,2026-09-01 13:00:00,498.27462977129215,87.55666623522733,0.0
mbta,2026-09-01 14:00:00,152.74881348242818,38.214423129698574,0.0
mbta,2026-09-01 15:00:00,125.01599466881305,42.25983406715112,0.0
mbta,2026-09-01 16:00:00,170.7673673594462,100.82919276990299,0.0
mbta,2026-09-01 17:00:00,175.63233981726154,48.81870763035975,0.0
mbta,2026-09-01 18:00:00,561.2186586672065,138.88836464434888,0.0
mbta,2026-09-01 19:00:00,674.8918352186146,141.6135905078944,33.25417077428698
mbta,2026-09-01 20:00:00,513.1976578335947,139.63802664239412,184.65560005373766
mbta,2026-09-01 21:00:00,566.1032027142198,225.11551724247144,68.81168878576408
mbta,2026-09-01 22:00:00,403.7036658583838,250.60156219155448,215.13246903609274
mbta,2026-09-01 23:00:00,87.93900787577405,62.8892791602762,53.4344525349588
mbta,2026-09-02 00:00:00,165.0837069998936,48.678648886291214,0.0
mbta,2026-09-02 01:00:00,535.671276884478,62.871784723966286,0.0
mbta,2026-09-02 02:00:00,60.49025173953212,0.0,0.0
mbta,2026-09-02 03:00:00,0.0,0.0,0.0
mbta,2026-09-02 04:00:00,0.0,0.0,0.0
mbta,2026-09-02 05:00:00,0.0,0.0,0.0
mbta,2026-09-02 06:00:00,6.638928899677986,0.0,0.0
mbta,2026-09-02 07:00:00,71.94326156371552,0.0,0.0
mbta,2026-09-02 08:00:00,284.64828891410826,0.0,0.0
mbta,2026-09-02 09:00:00,709.985075783326,22.227326433641757,0.0
mbta,2026-09-02 10:00:00,588.3588287033077,22.984500959818167,0.0
mbta,2026-09-02 11:00:00,324.7785581162265,11.73540813046884,0.0
mbta,2026-09-02 12:00:00,378.53848369704735,52.836879446089306,0.0
mbta,2026-09-02 13:00:00,498.27462977129215,87.55666623522733,0.0
mbta,2026-09-02 14:00:00,152.74881348242818,38.214423129698574,0.0
mbta,2026-09-02 15:00:00,125.01599466881305,42.25983406715112,0.0
mbta,2026-09-02 16:00:00,170.7673673594462,100.82919276990299,0.0
mbta,2026-09-02 17:00:00,175.63233981726154,48.81870763035975,0.0
mbta,2026-09-02 18:00:00,561.2186586672065,138.88836464434888,0.0
mbta,2026-09-02 19:00:00,674.8918352186146,141.6135905078944,33.25417077428698
mbta,2026-09-02 20:00:00,513.1976578335947,139.63802664239412,184.65560005373766
mbta,2026-09-02 21:00:00,566.1032027142198,225.11551724247144,68.81168878576408
mbta,2026-09-02 22:00:00,403.7036658583838,250.60156219155448,215.13246903609274
mbta,2026-09-02 23:00:00,87.93900787577405,62.8892791602762,53.4344525349588
mbta,2026-09-03 00:00:00,165.0837069998936,48.678648886291214,0.0
mbta,2026-09-03 01:00:00,535.671276884478,62.871784723966286,0.0
mbta,2026-09-03 02:00:00,60.49025173953212,0.0,0.0
mbta,2026-09-03 03:00:00,0.0,0.0,0.0
mbta,2026-09-03 04:00:00,0.0,0.0,0.0
mbta,2026-09-03 05:00:00,0.0,0.0,0.0
mbta,2026-09-03 06:00:00,6.638928899677986,0.0,0.0
mbta,2026-09-03 07:00:00,71.94326156371552,0.0,0.0
mbta,2026-09-03 08:00:00,284.64828891410826,0.0,0.0
mbta,2026-09-03 09:00:00,709.985075783326,22.227326433641757,0.0
mbta,2026-09-03 10:00:00,588.3588287033077,22.984500959818167,0.0
mbta,2026-09-03 11:00:00,324.7785581162265,11.73540813046884,0.0
mbta,2026-09-03 12:00:00,378.53848369704735,52.836879446089306,0.0
mbta,2026-09-03 13:00:00,498.27462977129215,87.55666623522733,0.0
mbta,2026-09-03 14:00:00,152.74881348242818,38.214423129698574,0.0
mbta,2026-09-03 15:00:00,125.01599466881305,42.25983406715112,0.0
mbta,2026-09-03 16:00:00,170.7673673594462,100.82919276990299,0.0
mbta,2026-09-03 17:00:00,175.63233981726154,48.81870763035975,0.0
mbta,2026-09-03 18:00:00,561.2186586672065,138.88836464434888,0.0
mbta,2026-09-03 19:00:00,674.8918352186146,141.6135905078944,33.25417077428698
mbta,2026-09-03 20:00:00,513.1976578335947,139.63802664239412,184.65560005373766
mbta,2026-09-03 21:00:00,566.1032027142198,225.11551724247144,68.81168878576408
mbta,2026-09-03 22:00:00,403.7036658583838,250.60156219155448,215.13246903609274
mbta,2026-09-03 23:00:00,87.93900787577405,62.8892791602762,53.4344525349588
mbta,2026-09-04 00:00:00,158.8767727405989,48.678648886291214,0.0
mbta,2026-09-04 01:00:00,475.0238591626617,62.871784723966286,0.0
mbta,2026-09-04 02:00:00,143.24240697820898,0.0,0.0
mbta,2026-09-04 03:00:00,0.0,0.0,0.0
mbta,2026-09-04 04:00:00,0.0,0.0,0.0
mbta,2026-09-04 05:00:00,0.0,0.0,0.0
mbta,2026-09-04 06:00:00,6.638928899677986,0.0,0.0
mbta,2026-09-04 07:00:00,71.94326156371552,0.0,0.0
mbta,2026-09-04 08:00:00,284.2617155286868,0.0,0.0
mbta,2026-09-04 09:00:00,713.1711232200119,22.227326433641757,0.0
mbta,2026-09-04 10:00:00,580.1501595447188,22.984500959818167,0.0
mbta,2026-09-04 11:00:00,328.90111065277347,11.73540813046884,0.0
mbta,2026-09-04 12:00:00,374.4146773378861,65.11801883148308,0.0
mbta,2026-09-04 13:00:00,474.19802873956036,87.55666623522733,0.0
mbta,2026-09-04 14:00:00,145.06930933661647,56.04154506024563,0.0
mbta,2026-09-04 15:00:00,119.04133793656,42.25983406715112,0.0
mbta,2026-09-04 16:00:00,164.6439257734551,100.82919276990299,0.0
mbta,2026-09-04 17:00:00,170.9661668914719,48.81870763035975,0.0
mbta,2026-09-04 18:00:00,567.9197829113233,138.88836464434888,0.0
mbta,2026-09-04 19:00:00,690.0641356774728,167.1678680040098,63.12417000919886
mbta,2026-09-04 20:00:00,522.5812711567055,146.9117352222686,121.01900433919329
mbta,2026-09-04 21:00:00,558.5460779615806,254.35366279341932,98.10260071324683
mbta,2026-09-04 22:00:00,379.4410404150842,258.08358019597085,184.79775627158702
mbta,2026-09-04 23:00:00,87.93900787577405,62.8892791602762,53.4344525349588
mbta,2026-09-05 00:00:00,176.08616140286853,62.714305102112505,35.80588483454897
mbta,2026-09-05 01:00:00,506.6135704733873,66.65089843394541,35.27974855484707
mbta,2026-09-05 02:00:00,126.92668419125972,0.0,0.0
mbta,2026-09-05 03:00:00,0.0,0.0,0.0
mbta,2026-09-05 04:00:00,0.0,0.0,0.0
mbta,2026-09-05 05:00:00,0.0,0.0,0.0
mbta,2026-09-05 06:00:00,2.3741632760764038,0.0,0.0
mbta,2026-09-05 07:00:00,65.53128781346433,0.0,0.0
mbta,2026-09-05 08:00:00,202.18491870287409,0.0,0.0
mbta,2026-09-05 09:00:00,274.2355536590042,0.0,0.0
mbta,2026-09-05 10:00:00,276.1911680237478,0.0,0.0
mbta,2026-09-05 11:00:00,234.28194041697108,22.3882393157751,0.0
mbta,2026-09-05 12:00:00,239.69951121225085,22.588764345279216,0.0
mbta,2026-09-05 13:00:00,401.4223392819376,10.856670732907743,0.0
mbta,2026-09-05 14:00:00,253.38890963796422,14.874553988539562,0.0
mbta,2026-09-05 15:00:00,149.1537495351359,11.304518698760265,0.0
mbta,2026-09-05 16:00:00,321.901907772107,11.50868061947718,0.0
mbta,2026-09-05 17:00:00,311.4495468643412,10.856670732907743,0.0
mbta,2026-09-05 18:00:00,247.27160088244935,101.32371285588805,60.38503290435672
mbta,2026-09-05 19:00:00,289.7800826161688,62.841971192053656,95.7194238060462
mbta,2026-09-05 20:00:00,234.83029500940896,133.11435630399262,35.85419815367846
mbta,2026-09-05 21:00:00,309.24712834249056,247.6999640090906,137.15351301287447
mbta,2026-09-05 22:00:00,293.1658388136161,179.77806874549694,143.74877601622472
mbta,2026-09-05 23:00:00,129.74768148158984,73.67213934376261,0.0
