timestamp_utc,wind_onshore_mw,solar_mw,system_load_mw,price_day_ahead_eur_per_mwh,price_actual_eur_per_mwh
2017-05-01 00:00:00+00:00,7355.0,35.0,24080.0,50.0,37.82
2017-05-01 01:00:00+00:00,7362.0,36.0,23359.0,47.46,39.62
2017-05-01 02:00:00+00:00,6918.0,36.0,23152.0,42.34,42.05
2017-05-01 03:00:00+00:00,7351.0,32.0,23560.0,45.18,42.99
2017-05-01 04:00:00+00:00,7343.0,31.0,25446.0,54.09,45.93
2017-05-01 05:00:00+00:00,7239.0,38.0,28714.0,66.21,46.25
2017-05-01 06:00:00+00:00,7140.0,55.0,31328.0,69.7,48.05
2017-05-01 07:00:00+00:00,6819.0,506.0,33618.0,72.6,47.54
2017-05-01 08:00:00+00:00,6249.0,1393.0,34626.0,73.03,47.68
2017-05-01 09:00:00+00:00,5626.0,2078.0,34604.0,72.6,46.27
2017-05-01 10:00:00+00:00,5285.0,2650.0,33828.0,72.54,48.31
2017-05-01 11:00:00+00:00,5084.0,2932.0,33404.0,71.51,49.48
2017-05-01 12:00:00+00:00,4920.0,3017.0,32084.0,71.1,49.21
2017-05-01 13:00:00+00:00,4806.0,2882.0,30853.0,70.51,45.95
2017-05-01 14:00:00+00:00,4723.0,2235.0,30444.0,69.7,44.74
2017-05-01 15:00:00+00:00,4890.0,958.0,30464.0,73.87,45.69
2017-05-01 16:00:00+00:00,5537.0,182.0,31777.0,75.15,47.82
2017-05-01 17:00:00+00:00,5785.0,56.0,31865.0,76.1,50.59
2017-05-01 18:00:00+00:00,5784.0,53.0,31820.0,73.69,56.99
2017-05-01 19:00:00+00:00,5710.0,33.0,31717.0,71.68,63.03
2017-05-01 20:00:00+00:00,5613.0,30.0,30382.0,66.76,63.2
2017-05-01 21:00:00+00:00,5384.0,30.0,28466.0,69.2,59.84
2017-05-01 22:00:00+00:00,12409.0,22.0,25564.0,35.11,59.04
2017-05-01 23:00:00+00:00,12754.0,20.0,23739.0,31.01,58.65
2017-05-02 00:00:00+00:00,12914.0,20.0,22473.0,21.1,58.27
2017-05-02 01:00:00+00:00,12582.0,20.0,21708.0,12.4,57.16
2017-05-02 02:00:00+00:00,12224.0,20.0,21337.0,8.86,56.05
2017-05-02 03:00:00+00:00,11892.0,19.0,21382.0,8.0,57.19
2017-05-02 04:00:00+00:00,11992.0,19.0,21719.0,8.86,57.5
2017-05-02 05:00:00+00:00,12631.0,42.0,22500.0,8.86,57.8
2017-05-02 06:00:00+00:00,13186.0,81.0,22874.0,10.1,59.71
2017-05-02 07:00:00+00:00,13060.0,662.0,24867.0,20.1,60.44
2017-05-02 08:00:00+00:00,13476.0,1453.0,26967.0,30.01,59.2
2017-05-02 09:00:00+00:00,13918.0,2030.0,27774.0,30.01,59.02
2017-05-02 10:00:00+00:00,14137.0,2421.0,28021.0,30.0,58.97
2017-05-02 11:00:00+00:00,13951.0,2536.0,28279.0,31.0,59.15
2017-05-02 12:00:00+00:00,13494.0,2520.0,27898.0,30.0,58.44
2017-05-02 13:00:00+00:00,13179.0,2345.0,26458.0,22.1,57.75
2017-05-02 14:00:00+00:00,13166.0,1942.0,25724.0,23.9,57.1
2017-05-02 15:00:00+00:00,12982.0,1193.0,25490.0,31.53,57.54
2017-05-02 16:00:00+00:00,12860.0,325.0,27087.0,49.48,57.18
2017-05-02 17:00:00+00:00,12411.0,70.0,29948.0,60.07,57.57
2017-05-02 18:00:00+00:00,12601.0,63.0,31242.0,57.91,59.23
2017-05-02 19:00:00+00:00,12882.0,27.0,31375.0,53.94,62.02
2017-05-02 20:00:00+00:00,13151.0,25.0,30329.0,51.0,59.59
2017-05-02 21:00:00+00:00,12909.0,25.0,27868.0,48.89,57.05
2017-05-02 22:00:00+00:00,8392.0,18.0,25773.0,38.32,55.5
2017-05-02 23:00:00+00:00,8448.0,18.0,23843.0,30.5,49.24
2017-05-03 00:00:00+00:00,8527.0,19.0,22392.0,23.99,46.32
2017-05-03 01:00:00+00:00,8878.0,19.0,21633.0,16.29,45.59
2017-05-03 02:00:00+00:00,9377.0,18.0,21248.0,15.53,45.2
2017-05-03 03:00:00+00:00,9516.0,18.0,21220.0,12.4,46.11
2017-05-03 04:00:00+00:00,9949.0,18.0,21670.0,14.49,52.52
2017-05-03 05:00:00+00:00,9832.0,34.0,21886.0,20.0,56.26
2017-05-03 06:00:00+00:00,9476.0,226.0,22702.0,23.49,61.48
2017-05-03 07:00:00+00:00,8819.0,578.0,25001.0,28.01,60.33
2017-05-03 08:00:00+00:00,8233.0,864.0,26968.0,35.2,58.67
2017-05-03 09:00:00+00:00,8140.0,1119.0,27832.0,38.68,58.43
2017-05-03 10:00:00+00:00,7973.0,1224.0,27965.0,35.2,57.9
2017-05-03 11:00:00+00:00,7915.0,1312.0,28149.0,31.6,57.94
2017-05-03 12:00:00+00:00,8164.0,1362.0,27767.0,29.6,58.0
2017-05-03 13:00:00+00:00,8124.0,1271.0,26399.0,24.99,56.97
2017-05-03 14:00:00+00:00,8003.0,1034.0,25515.0,23.49,56.84
2017-05-03 15:00:00+00:00,8385.0,671.0,25187.0,27.06,56.95
2017-05-03 16:00:00+00:00,8263.0,174.0,25779.0,33.69,57.07
2017-05-03 17:00:00+00:00,8169.0,47.0,28600.0,37.95,57.53
2017-05-03 18:00:00+00:00,8866.0,44.0,30529.0,39.96,58.49
2017-05-03 19:00:00+00:00,9863.0,28.0,30796.0,40.19,60.34
2017-05-03 20:00:00+00:00,10343.0,28.0,29510.0,39.12,58.27
2017-05-03 21:00:00+00:00,11053.0,28.0,27253.0,31.67,55.88
2017-05-03 22:00:00+00:00,7714.0,576.0,25606.0,37.0,53.8
2017-05-03 23:00:00+00:00,7841.0,576.0,24156.0,31.71,48.01
2017-05-04 00:00:00+00:00,7918.0,575.0,23175.0,30.26,46.69
2017-05-04 01:00:00+00:00,7996.0,574.0,22811.0,29.87,43.71
2017-05-04 02:00:00+00:00,8240.0,557.0,22693.0,30.26,43.67
2017-05-04 03:00:00+00:00,8660.0,474.0,23037.0,31.41,44.71
2017-05-04 04:00:00+00:00,8522.0,259.0,25334.0,37.1,49.43
2017-05-04 05:00:00+00:00,8680.0,281.0,29142.0,44.2,55.68
2017-05-04 06:00:00+00:00,8230.0,503.0,30997.0,48.1,59.69
2017-05-04 07:00:00+00:00,7946.0,1717.0,31817.0,45.5,58.06
2017-05-04 08:00:00+00:00,8239.0,3890.0,31927.0,42.19,57.48
2017-05-04 09:00:00+00:00,8552.0,4810.0,31823.0,40.99,57.8
2017-05-04 10:00:00+00:00,8341.0,5130.0,31879.0,41.0,57.91
2017-05-04 11:00:00+00:00,8414.0,5267.0,31637.0,40.99,57.83
2017-05-04 12:00:00+00:00,8298.0,5246.0,30536.0,38.6,56.76
2017-05-04 13:00:00+00:00,8744.0,5155.0,29844.0,37.1,55.82
2017-05-04 14:00:00+00:00,9320.0,4924.0,29487.0,37.0,55.47
2017-05-04 15:00:00+00:00,9692.0,4566.0,29382.0,36.5,56.79
2017-05-04 16:00:00+00:00,10088.0,3981.0,29042.0,36.4,56.56
2017-05-04 17:00:00+00:00,10023.0,2795.0,29204.0,37.1,57.67
2017-05-04 18:00:00+00:00,10182.0,1263.0,30897.0,42.85,58.05
2017-05-04 19:00:00+00:00,10221.0,749.0,32784.0,47.03,60.62
2017-05-04 20:00:00+00:00,10124.0,678.0,29995.0,42.19,59.4
2017-05-04 21:00:00+00:00,10100.0,675.0,27353.0,37.41,56.76
2017-05-04 22:00:00+00:00,6764.0,46.0,25833.0,45.4,50.81
2017-05-04 23:00:00+00:00,7189.0,46.0,24476.0,41.19,46.92
2017-05-05 00:00:00+00:00,7856.0,44.0,23590.0,38.14,44.12
2017-05-05 01:00:00+00:00,8275.0,36.0,23119.0,36.89,43.54
2017-05-05 02:00:00+00:00,8462.0,36.0,23003.0,36.45,42.87
2017-05-05 03:00:00+00:00,8012.0,35.0,23451.0,36.47,42.79
2017-05-05 04:00:00+00:00,7961.0,33.0,25478.0,41.06,46.96
2017-05-05 05:00:00+00:00,8362.0,76.0,27831.0,50.73,55.47
2017-05-05 06:00:00+00:00,8087.0,382.0,29929.0,52.07,58.4
2017-05-05 07:00:00+00:00,6991.0,986.0,30960.0,52.15,58.67
2017-05-05 08:00:00+00:00,6835.0,1665.0,31419.0,52.07,59.24
2017-05-05 09:00:00+00:00,7291.0,2038.0,31606.0,51.04,58.38
2017-05-05 10:00:00+00:00,8273.0,2542.0,31845.0,49.54,56.89
2017-05-05 11:00:00+00:00,9358.0,2871.0,31700.0,43.4,51.68
2017-05-05 12:00:00+00:00,10433.0,3014.0,30499.0,38.17,47.3
2017-05-05 13:00:00+00:00,10876.0,3205.0,29636.0,36.89,45.22
2017-05-05 14:00:00+00:00,11051.0,2856.0,29380.0,36.45,44.95
2017-05-05 15:00:00+00:00,11065.0,2458.0,29092.0,37.67,45.51
2017-05-05 16:00:00+00:00,11904.0,1973.0,28776.0,40.33,48.17
2017-05-05 17:00:00+00:00,11823.0,1280.0,28737.0,42.09,49.99
2017-05-05 18:00:00+00:00,10845.0,557.0,29216.0,41.19,49.14
2017-05-05 19:00:00+00:00,9857.0,249.0,30750.0,50.2,57.39
2017-05-05 20:00:00+00:00,9838.0,200.0,29135.0,47.53,55.06
2017-05-05 21:00:00+00:00,10037.0,151.0,27030.0,41.19,48.62
2017-05-05 22:00:00+00:00,5969.0,525.0,23803.0,41.0,44.16
2017-05-05 23:00:00+00:00,6171.0,475.0,22470.0,39.21,43.84
2017-05-06 00:00:00+00:00,5958.0,472.0,21621.0,38.2,42.32
2017-05-06 01:00:00+00:00,5661.0,446.0,21185.0,38.6,43.19
2017-05-06 02:00:00+00:00,5293.0,455.0,21262.0,38.6,41.29
2017-05-06 03:00:00+00:00,5038.0,387.0,21731.0,40.0,41.66
2017-05-06 04:00:00+00:00,5102.0,313.0,23402.0,47.01,42.03
2017-05-06 05:00:00+00:00,5329.0,428.0,25804.0,51.29,42.81
2017-05-06 06:00:00+00:00,5422.0,1072.0,28022.0,51.37,43.98
2017-05-06 07:00:00+00:00,5479.0,3116.0,29244.0,51.08,43.6
2017-05-06 08:00:00+00:00,5600.0,4330.0,29892.0,50.12,43.94
2017-05-06 09:00:00+00:00,5578.0,4739.0,30292.0,51.04,44.72
2017-05-06 10:00:00+00:00,5220.0,5024.0,30625.0,52.04,45.39
2017-05-06 11:00:00+00:00,4860.0,5228.0,31086.0,52.15,46.64
2017-05-06 12:00:00+00:00,4962.0,5355.0,30503.0,51.8,49.81
2017-05-06 13:00:00+00:00,5343.0,5306.0,29973.0,51.04,46.01
2017-05-06 14:00:00+00:00,5596.0,5134.0,30040.0,50.0,44.38
2017-05-06 15:00:00+00:00,5854.0,4774.0,30144.0,48.17,44.87
2017-05-06 16:00:00+00:00,6526.0,4144.0,29971.0,46.65,53.97
2017-05-06 17:00:00+00:00,6911.0,3401.0,29619.0,47.38,56.64
2017-05-06 18:00:00+00:00,6845.0,2270.0,29888.0,48.78,61.44
2017-05-06 19:00:00+00:00,6444.0,1075.0,30225.0,51.8,63.87
2017-05-06 20:00:00+00:00,6560.0,745.0,29664.0,51.01,63.5
2017-05-06 21:00:00+00:00,6464.0,716.0,27249.0,45.3,62.54
2017-05-06 22:00:00+00:00,7522.0,698.0,28490.0,46.31,60.89
2017-05-06 23:00:00+00:00,6946.0,696.0,26892.0,42.38,58.11
2017-05-07 00:00:00+00:00,6225.0,695.0,25738.0,41.09,56.47
2017-05-07 01:00:00+00:00,5565.0,690.0,25255.0,41.75,56.19
2017-05-07 02:00:00+00:00,4820.0,654.0,25104.0,42.38,56.41
2017-05-07 03:00:00+00:00,4184.0,597.0,25508.0,45.77,56.12
2017-05-07 04:00:00+00:00,3752.0,432.0,26827.0,49.39,56.18
2017-05-07 05:00:00+00:00,3275.0,416.0,28963.0,50.01,54.61
2017-05-07 06:00:00+00:00,2714.0,1051.0,30923.0,50.9,52.57
2017-05-07 07:00:00+00:00,2506.0,2482.0,32891.0,52.1,53.71
2017-05-07 08:00:00+00:00,2682.0,3727.0,34169.0,52.1,53.14
2017-05-07 09:00:00+00:00,2990.0,4265.0,34697.0,51.94,54.39
2017-05-07 10:00:00+00:00,3608.0,4566.0,35498.0,50.9,51.76
2017-05-07 11:00:00+00:00,4276.0,4726.0,35876.0,50.1,53.9
2017-05-07 12:00:00+00:00,4976.0,4986.0,35085.0,51.22,51.5
2017-05-07 13:00:00+00:00,5434.0,4998.0,34298.0,48.83,47.45
2017-05-07 14:00:00+00:00,5596.0,4721.0,34341.0,48.21,46.94
2017-05-07 15:00:00+00:00,5879.0,4209.0,34317.0,48.8,46.26
2017-05-07 16:00:00+00:00,6094.0,3331.0,33821.0,48.21,46.26
2017-05-07 17:00:00+00:00,5690.0,2418.0,33460.0,48.91,47.14
2017-05-07 18:00:00+00:00,5423.0,1418.0,33004.0,50.07,51.11
2017-05-07 19:00:00+00:00,4928.0,666.0,32702.0,53.1,58.06
2017-05-07 20:00:00+00:00,4648.0,494.0,32149.0,53.1,57.48
2017-05-07 21:00:00+00:00,5383.0,437.0,29908.0,50.1,55.32
2017-05-07 22:00:00+00:00,3319.0,783.0,30606.0,51.61,54.83
2017-05-07 23:00:00+00:00,3021.0,775.0,28697.0,50.0,46.3
2017-05-08 00:00:00+00:00,2780.0,750.0,27200.0,52.5,44.65
2017-05-08 01:00:00+00:00,2632.0,747.0,26241.0,52.21,44.38
2017-05-08 02:00:00+00:00,2504.0,718.0,25521.0,49.98,44.44
2017-05-08 03:00:00+00:00,2560.0,702.0,25029.0,46.93,45.55
2017-05-08 04:00:00+00:00,2706.0,605.0,25099.0,45.4,49.63
2017-05-08 05:00:00+00:00,3121.0,419.0,25122.0,44.6,55.77
2017-05-08 06:00:00+00:00,3410.0,897.0,26329.0,43.16,58.36
2017-05-08 07:00:00+00:00,3521.0,2385.0,28682.0,45.74,58.08
2017-05-08 08:00:00+00:00,3792.0,4034.0,30588.0,45.53,57.9
2017-05-08 09:00:00+00:00,4198.0,4620.0,31889.0,46.96,58.72
2017-05-08 10:00:00+00:00,4768.0,4927.0,32793.0,48.65,59.01
2017-05-08 11:00:00+00:00,5295.0,5076.0,33455.0,50.1,58.97
2017-05-08 12:00:00+00:00,5854.0,5088.0,33362.0,51.5,58.64
2017-05-08 13:00:00+00:00,6532.0,4984.0,32897.0,47.3,57.3
2017-05-08 14:00:00+00:00,7259.0,4712.0,32469.0,43.3,57.09
2017-05-08 15:00:00+00:00,8265.0,4373.0,32203.0,41.85,57.02
2017-05-08 16:00:00+00:00,9141.0,3814.0,31878.0,41.85,56.27
2017-05-08 17:00:00+00:00,9687.0,2989.0,31605.0,41.55,56.9
2017-05-08 18:00:00+00:00,9789.0,1860.0,31453.0,42.05,59.14
2017-05-08 19:00:00+00:00,9786.0,1016.0,32061.0,46.08,62.79
2017-05-08 20:00:00+00:00,9993.0,822.0,31670.0,45.7,61.14
2017-05-08 21:00:00+00:00,9825.0,801.0,29928.0,42.15,58.41
2017-05-08 22:00:00+00:00,1873.0,662.0,27375.0,52.35,57.07
2017-05-08 23:00:00+00:00,1872.0,658.0,25898.0,50.44,55.73
2017-05-09 00:00:00+00:00,1701.0,627.0,24905.0,50.44,53.25
2017-05-09 01:00:00+00:00,1515.0,563.0,24508.0,49.99,52.71
2017-05-09 02:00:00+00:00,1324.0,479.0,24286.0,49.35,53.02
2017-05-09 03:00:00+00:00,1324.0,384.0,24661.0,50.12,54.85
2017-05-09 04:00:00+00:00,1353.0,181.0,26494.0,51.56,56.9
2017-05-09 05:00:00+00:00,1393.0,114.0,29006.0,53.19,57.37
2017-05-09 06:00:00+00:00,1543.0,414.0,30445.0,53.19,60.92
2017-05-09 07:00:00+00:00,1332.0,1640.0,32227.0,53.29,60.24
2017-05-09 08:00:00+00:00,1305.0,3792.0,33355.0,53.19,59.64
2017-05-09 09:00:00+00:00,1435.0,4779.0,34475.0,53.19,60.08
2017-05-09 10:00:00+00:00,1523.0,5100.0,35392.0,53.19,60.02
2017-05-09 11:00:00+00:00,1487.0,5244.0,35982.0,53.19,59.6
2017-05-09 12:00:00+00:00,1533.0,5257.0,35141.0,53.0,58.43
2017-05-09 13:00:00+00:00,1714.0,5146.0,34618.0,52.0,56.55
2017-05-09 14:00:00+00:00,1898.0,4902.0,34675.0,51.5,54.05
2017-05-09 15:00:00+00:00,2429.0,4474.0,34659.0,51.46,53.91
2017-05-09 16:00:00+00:00,3115.0,3795.0,34024.0,50.34,52.69
2017-05-09 17:00:00+00:00,3782.0,2551.0,33318.0,50.34,55.48
2017-05-09 18:00:00+00:00,4203.0,1149.0,33660.0,52.35,58.32
2017-05-09 19:00:00+00:00,4816.0,731.0,34564.0,52.6,61.12
2017-05-09 20:00:00+00:00,5192.0,673.0,31897.0,46.65,60.04
2017-05-09 21:00:00+00:00,5375.0,665.0,29271.0,43.44,58.0
2017-05-09 22:00:00+00:00,3106.0,185.0,26119.0,60.15,56.39
2017-05-09 23:00:00+00:00,2998.0,170.0,24956.0,57.93,51.73
2017-05-10 00:00:00+00:00,2693.0,138.0,24071.0,53.27,47.16
2017-05-10 01:00:00+00:00,2407.0,108.0,23848.0,53.17,46.92
2017-05-10 02:00:00+00:00,2242.0,78.0,23647.0,53.22,47.0
2017-05-10 03:00:00+00:00,2105.0,77.0,24022.0,55.47,47.43
2017-05-10 04:00:00+00:00,2097.0,78.0,25999.0,60.08,54.89
2017-05-10 05:00:00+00:00,2077.0,78.0,29375.0,64.95,55.85
2017-05-10 06:00:00+00:00,2045.0,160.0,30863.0,64.95,59.88
2017-05-10 07:00:00+00:00,1953.0,1155.0,31633.0,65.0,59.68
2017-05-10 08:00:00+00:00,1949.0,2782.0,32111.0,60.52,59.31
2017-05-10 09:00:00+00:00,1997.0,4297.0,32763.0,59.8,58.8
2017-05-10 10:00:00+00:00,2050.0,4708.0,33492.0,60.15,57.69
2017-05-10 11:00:00+00:00,2246.0,4840.0,33683.0,60.52,54.71
2017-05-10 12:00:00+00:00,2729.0,4843.0,32684.0,58.34,49.92
2017-05-10 13:00:00+00:00,3349.0,4677.0,32243.0,54.13,48.64
2017-05-10 14:00:00+00:00,3987.0,4442.0,32325.0,52.45,47.93
2017-05-10 15:00:00+00:00,4741.0,3966.0,32315.0,52.43,48.31
2017-05-10 16:00:00+00:00,5458.0,2993.0,31919.0,55.03,51.24
2017-05-10 17:00:00+00:00,6045.0,1309.0,32101.0,60.15,54.94
2017-05-10 18:00:00+00:00,6610.0,638.0,34060.0,62.07,56.91
2017-05-10 19:00:00+00:00,7005.0,504.0,33204.0,59.7,60.2
2017-05-10 20:00:00+00:00,7368.0,441.0,30095.0,54.5,59.42
2017-05-10 21:00:00+00:00,7555.0,324.0,27665.0,50.19,54.35
2017-05-10 22:00:00+00:00,8548.0,34.0,22640.0,44.06,46.63
2017-05-10 23:00:00+00:00,8959.0,34.0,21386.0,38.18,43.06
2017-05-11 00:00:00+00:00,9361.0,34.0,20553.0,31.0,42.41
2017-05-11 01:00:00+00:00,9442.0,33.0,20035.0,25.81,41.92
2017-05-11 02:00:00+00:00,9583.0,34.0,19674.0,23.86,40.22
2017-05-11 03:00:00+00:00,9225.0,33.0,19772.0,25.0,41.95
2017-05-11 04:00:00+00:00,8806.0,34.0,20031.0,25.23,43.69
2017-05-11 05:00:00+00:00,8236.0,35.0,20418.0,29.0,48.7
2017-05-11 06:00:00+00:00,7785.0,459.0,20913.0,32.0,51.37
2017-05-11 07:00:00+00:00,7530.0,1530.0,22735.0,36.7,53.62
2017-05-11 08:00:00+00:00,7469.0,2432.0,24153.0,37.0,51.52
2017-05-11 09:00:00+00:00,8087.0,3090.0,24807.0,38.9,50.8
2017-05-11 10:00:00+00:00,8636.0,3320.0,24865.0,41.73,47.47
2017-05-11 11:00:00+00:00,9315.0,3271.0,25264.0,39.7,46.56
2017-05-11 12:00:00+00:00,9940.0,3208.0,25085.0,36.66,45.59
2017-05-11 13:00:00+00:00,10476.0,3021.0,23931.0,33.96,44.61
2017-05-11 14:00:00+00:00,10251.0,2423.0,23189.0,35.0,44.17
2017-05-11 15:00:00+00:00,9668.0,1209.0,23245.0,41.82,45.07
2017-05-11 16:00:00+00:00,9024.0,348.0,25397.0,60.43,46.86
2017-05-11 17:00:00+00:00,8986.0,119.0,26955.0,61.49,48.53
2017-05-11 18:00:00+00:00,8630.0,101.0,27773.0,59.85,54.07
2017-05-11 19:00:00+00:00,8458.0,93.0,27580.0,60.63,60.59
2017-05-11 20:00:00+00:00,8279.0,53.0,26201.0,59.69,58.94
2017-05-11 21:00:00+00:00,8313.0,34.0,24427.0,47.41,55.24
2017-05-11 22:00:00+00:00,4898.0,20.0,29221.0,71.35,45.22
2017-05-11 23:00:00+00:00,4615.0,20.0,27078.0,68.0,43.84
2017-05-12 00:00:00+00:00,4299.0,20.0,25920.0,62.75,43.56
2017-05-12 01:00:00+00:00,3730.0,20.0,25468.0,59.88,43.25
2017-05-12 02:00:00+00:00,3510.0,19.0,25416.0,59.94,42.81
2017-05-12 03:00:00+00:00,3240.0,20.0,26073.0,61.38,43.39
2017-05-12 04:00:00+00:00,2960.0,19.0,28833.0,71.4,44.81
2017-05-12 05:00:00+00:00,2900.0,18.0,33848.0,77.1,48.98
2017-05-12 06:00:00+00:00,2802.0,139.0,36805.0,80.0,54.87
2017-05-12 07:00:00+00:00,2594.0,1079.0,38196.0,80.0,57.07
2017-05-12 08:00:00+00:00,2372.0,2203.0,38534.0,80.0,55.07
2017-05-12 09:00:00+00:00,2312.0,3269.0,38173.0,79.3,52.86
2017-05-12 10:00:00+00:00,2263.0,3741.0,37492.0,78.44,54.55
2017-05-12 11:00:00+00:00,2143.0,3750.0,37269.0,78.48,52.86
2017-05-12 12:00:00+00:00,1920.0,3618.0,36004.0,78.48,49.23
2017-05-12 13:00:00+00:00,1734.0,3397.0,35626.0,77.9,46.57
2017-05-12 14:00:00+00:00,1616.0,2586.0,35478.0,78.46,45.05
2017-05-12 15:00:00+00:00,1567.0,1072.0,36240.0,83.91,45.2
2017-05-12 16:00:00+00:00,1643.0,282.0,38094.0,88.89,47.73
2017-05-12 17:00:00+00:00,1665.0,143.0,38462.0,90.0,49.14
2017-05-12 18:00:00+00:00,1544.0,105.0,38397.0,90.0,55.88
2017-05-12 19:00:00+00:00,1504.0,56.0,37640.0,84.89,60.46
2017-05-12 20:00:00+00:00,1546.0,37.0,35396.0,79.8,59.31
2017-05-12 21:00:00+00:00,1599.0,32.0,32397.0,76.69,59.04
2017-05-12 22:00:00+00:00,7092.0,31.0,25418.0,49.24,54.45
2017-05-12 23:00:00+00:00,6990.0,32.0,23956.0,40.69,46.73
2017-05-13 00:00:00+00:00,6679.0,33.0,22852.0,39.69,46.26
2017-05-13 01:00:00+00:00,6460.0,32.0,22245.0,38.0,45.09
2017-05-13 02:00:00+00:00,6404.0,31.0,21967.0,37.87,45.05
2017-05-13 03:00:00+00:00,5917.0,32.0,21770.0,38.0,45.21
2017-05-13 04:00:00+00:00,5940.0,32.0,21986.0,38.13,45.25
2017-05-13 05:00:00+00:00,5738.0,153.0,22288.0,37.87,45.35
2017-05-13 06:00:00+00:00,5255.0,658.0,24131.0,38.95,47.27
2017-05-13 07:00:00+00:00,5144.0,1521.0,26408.0,43.98,50.69
2017-05-13 08:00:00+00:00,5428.0,2382.0,27971.0,48.99,54.99
2017-05-13 09:00:00+00:00,5758.0,2882.0,28198.0,47.64,53.89
2017-05-13 10:00:00+00:00,6325.0,3167.0,28106.0,42.69,49.36
2017-05-13 11:00:00+00:00,6697.0,3111.0,28150.0,42.0,49.28
2017-05-13 12:00:00+00:00,7013.0,3220.0,27403.0,39.69,47.6
2017-05-13 13:00:00+00:00,7330.0,3155.0,26040.0,37.87,45.13
2017-05-13 14:00:00+00:00,7359.0,2904.0,25232.0,37.47,44.65
2017-05-13 15:00:00+00:00,7477.0,2762.0,25043.0,37.47,43.91
2017-05-13 16:00:00+00:00,7476.0,2278.0,24806.0,37.68,45.54
2017-05-13 17:00:00+00:00,7288.0,1613.0,24912.0,40.0,47.5
2017-05-13 18:00:00+00:00,6393.0,819.0,25528.0,48.99,56.28
2017-05-13 19:00:00+00:00,5835.0,306.0,27185.0,53.46,61.06
2017-05-13 20:00:00+00:00,5333.0,207.0,26639.0,53.25,60.04
2017-05-13 21:00:00+00:00,5133.0,102.0,24979.0,51.93,58.69
2017-05-13 22:00:00+00:00,4714.0,73.0,23243.0,48.62,55.11
2017-05-13 23:00:00+00:00,4465.0,27.0,21924.0,42.01,48.79
2017-05-14 00:00:00+00:00,4047.0,26.0,20778.0,40.69,47.86
2017-05-14 01:00:00+00:00,3958.0,26.0,20098.0,40.69,48.03
2017-05-14 02:00:00+00:00,3717.0,27.0,19705.0,40.69,48.29
2017-05-14 03:00:00+00:00,3475.0,27.0,19768.0,42.0,49.43
2017-05-14 04:00:00+00:00,3311.0,31.0,19850.0,43.0,49.99
2017-05-14 05:00:00+00:00,3155.0,198.0,19454.0,39.69,47.41
2017-05-14 06:00:00+00:00,2764.0,943.0,20642.0,39.69,48.61
2017-05-14 07:00:00+00:00,2485.0,2307.0,22444.0,39.69,48.52
2017-05-14 08:00:00+00:00,2523.0,4054.0,23960.0,40.69,48.71
2017-05-14 09:00:00+00:00,2713.0,4925.0,24743.0,42.69,50.57
2017-05-14 10:00:00+00:00,2826.0,5189.0,24932.0,45.01,52.86
2017-05-14 11:00:00+00:00,2906.0,5154.0,25068.0,48.34,56.35
2017-05-14 12:00:00+00:00,2897.0,5003.0,25004.0,48.99,57.12
2017-05-14 13:00:00+00:00,2870.0,4925.0,23697.0,43.29,50.6
2017-05-14 14:00:00+00:00,2854.0,4655.0,23155.0,40.51,48.51
2017-05-14 15:00:00+00:00,2903.0,4219.0,22850.0,40.65,48.3
2017-05-14 16:00:00+00:00,2894.0,3741.0,22877.0,39.97,48.06
2017-05-14 17:00:00+00:00,2782.0,2856.0,23352.0,42.94,50.24
2017-05-14 18:00:00+00:00,2369.0,1464.0,24258.0,48.69,54.73
2017-05-14 19:00:00+00:00,2273.0,752.0,26405.0,54.04,60.18
2017-05-14 20:00:00+00:00,2167.0,638.0,26821.0,54.93,60.65
2017-05-14 21:00:00+00:00,2099.0,625.0,25078.0,51.57,57.41
2017-05-14 22:00:00+00:00,2153.0,627.0,23301.0,50.69,55.99
2017-05-14 23:00:00+00:00,2218.0,614.0,21924.0,45.03,50.59
2017-05-15 00:00:00+00:00,2308.0,573.0,20971.0,43.0,48.81
2017-05-15 01:00:00+00:00,2502.0,514.0,20604.0,40.6,46.71
2017-05-15 02:00:00+00:00,2732.0,433.0,20619.0,40.14,46.03
2017-05-15 03:00:00+00:00,2813.0,299.0,21151.0,41.46,47.48
2017-05-15 04:00:00+00:00,2955.0,205.0,23145.0,46.6,52.2
2017-05-15 05:00:00+00:00,2882.0,279.0,25432.0,50.69,56.65
2017-05-15 06:00:00+00:00,2700.0,1004.0,27724.0,51.44,58.22
2017-05-15 07:00:00+00:00,2495.0,2674.0,28873.0,51.64,58.24
2017-05-15 08:00:00+00:00,2666.0,3927.0,29804.0,51.19,57.79
2017-05-15 09:00:00+00:00,2948.0,4249.0,30358.0,50.71,58.29
2017-05-15 10:00:00+00:00,3203.0,4473.0,30828.0,50.94,58.65
2017-05-15 11:00:00+00:00,3397.0,4752.0,30994.0,50.94,58.9
2017-05-15 12:00:00+00:00,3496.0,4835.0,30178.0,50.69,58.52
2017-05-15 13:00:00+00:00,3535.0,4368.0,29512.0,50.45,56.85
2017-05-15 14:00:00+00:00,3380.0,3718.0,29249.0,50.45,56.77
2017-05-15 15:00:00+00:00,3305.0,3106.0,29235.0,50.54,56.85
2017-05-15 16:00:00+00:00,3191.0,2480.0,28801.0,50.45,56.87
2017-05-15 17:00:00+00:00,2885.0,1607.0,28838.0,50.69,57.17
2017-05-15 18:00:00+00:00,2740.0,778.0,29387.0,51.57,57.88
2017-05-15 19:00:00+00:00,2871.0,420.0,30576.0,55.03,61.64
2017-05-15 20:00:00+00:00,2949.0,343.0,29115.0,52.87,59.92
2017-05-15 21:00:00+00:00,2832.0,332.0,26647.0,50.8,57.53
2017-05-15 22:00:00+00:00,2794.0,268.0,25363.0,52.69,57.32
2017-05-15 23:00:00+00:00,2809.0,195.0,24078.0,50.53,55.05
2017-05-16 00:00:00+00:00,2819.0,191.0,23230.0,48.22,52.83
2017-05-16 01:00:00+00:00,2675.0,182.0,22931.0,45.0,49.77
2017-05-16 02:00:00+00:00,2555.0,139.0,22845.0,44.69,49.18
2017-05-16 03:00:00+00:00,2336.0,88.0,23214.0,48.22,52.57
2017-05-16 04:00:00+00:00,2098.0,53.0,25084.0,52.19,56.32
2017-05-16 05:00:00+00:00,2030.0,143.0,27378.0,53.69,58.03
2017-05-16 06:00:00+00:00,1969.0,668.0,29519.0,54.53,60.36
2017-05-16 07:00:00+00:00,1979.0,1476.0,30851.0,55.0,60.68
2017-05-16 08:00:00+00:00,1955.0,2525.0,31466.0,54.53,60.35
2017-05-16 09:00:00+00:00,2106.0,3499.0,31966.0,53.93,60.42
2017-05-16 10:00:00+00:00,2351.0,4059.0,32231.0,54.04,60.52
2017-05-16 11:00:00+00:00,2663.0,4427.0,32415.0,53.95,60.6
2017-05-16 12:00:00+00:00,2868.0,4547.0,31398.0,52.69,59.25
2017-05-16 13:00:00+00:00,2939.0,4481.0,30886.0,52.15,57.89
2017-05-16 14:00:00+00:00,2904.0,4318.0,30757.0,52.19,57.67
2017-05-16 15:00:00+00:00,3008.0,3982.0,30827.0,52.4,58.05
2017-05-16 16:00:00+00:00,3145.0,3362.0,30405.0,52.1,57.95
2017-05-16 17:00:00+00:00,3227.0,2316.0,30057.0,52.19,57.9
2017-05-16 18:00:00+00:00,3447.0,1209.0,30315.0,53.93,59.84
2017-05-16 19:00:00+00:00,3840.0,632.0,31291.0,55.44,61.54
2017-05-16 20:00:00+00:00,4259.0,531.0,29838.0,52.69,59.32
2017-05-16 21:00:00+00:00,4565.0,440.0,27311.0,50.99,57.16
2017-05-16 22:00:00+00:00,4669.0,376.0,25807.0,50.54,55.11
2017-05-16 23:00:00+00:00,4700.0,242.0,24433.0,44.69,49.46
2017-05-17 00:00:00+00:00,4723.0,139.0,23620.0,42.01,46.8
2017-05-17 01:00:00+00:00,4697.0,94.0,23294.0,41.69,47.08
2017-05-17 02:00:00+00:00,4670.0,69.0,23116.0,41.69,47.13
2017-05-17 03:00:00+00:00,4556.0,57.0,23498.0,41.69,47.07
2017-05-17 04:00:00+00:00,4593.0,56.0,25066.0,45.69,51.07
2017-05-17 05:00:00+00:00,4810.0,199.0,27399.0,50.38,55.4
2017-05-17 06:00:00+00:00,4396.0,696.0,29370.0,52.19,58.48
2017-05-17 07:00:00+00:00,3929.0,1514.0,30646.0,53.69,59.74
2017-05-17 08:00:00+00:00,4094.0,2573.0,31329.0,52.52,58.9
2017-05-17 09:00:00+00:00,4255.0,3206.0,31708.0,51.69,58.67
2017-05-17 10:00:00+00:00,4179.0,3818.0,32103.0,52.15,59.08
2017-05-17 11:00:00+00:00,4401.0,4263.0,32030.0,51.5,58.65
2017-05-17 12:00:00+00:00,4475.0,4158.0,31034.0,49.0,56.35
2017-05-17 13:00:00+00:00,4712.0,4042.0,30512.0,47.62,54.39
2017-05-17 14:00:00+00:00,4827.0,3774.0,30372.0,45.53,51.77
2017-05-17 15:00:00+00:00,4686.0,3421.0,30335.0,45.93,52.38
2017-05-17 16:00:00+00:00,4773.0,2859.0,30069.0,44.91,51.43
2017-05-17 17:00:00+00:00,5207.0,2105.0,29837.0,45.53,52.26
2017-05-17 18:00:00+00:00,5317.0,1291.0,30059.0,50.19,56.91
2017-05-17 19:00:00+00:00,4991.0,667.0,30889.0,53.3,59.82
2017-05-17 20:00:00+00:00,4426.0,508.0,29472.0,49.01,55.78
2017-05-17 21:00:00+00:00,3600.0,326.0,27129.0,45.82,52.41
2017-05-17 22:00:00+00:00,3254.0,187.0,25690.0,49.33,53.91
2017-05-17 23:00:00+00:00,3147.0,146.0,24358.0,48.0,52.7
2017-05-18 00:00:00+00:00,3213.0,120.0,23399.0,47.05,51.78
2017-05-18 01:00:00+00:00,3336.0,102.0,23073.0,47.0,51.8
2017-05-18 02:00:00+00:00,3341.0,103.0,22952.0,44.44,49.62
2017-05-18 03:00:00+00:00,3784.0,103.0,23372.0,43.02,48.36
2017-05-18 04:00:00+00:00,4524.0,102.0,25122.0,46.4,51.69
2017-05-18 05:00:00+00:00,4968.0,220.0,27489.0,50.33,55.3
2017-05-18 06:00:00+00:00,5496.0,746.0,29649.0,51.33,57.76
2017-05-18 07:00:00+00:00,5711.0,2119.0,30717.0,50.34,56.57
2017-05-18 08:00:00+00:00,6024.0,3250.0,31177.0,48.3,54.88
2017-05-18 09:00:00+00:00,6310.0,3918.0,31541.0,45.53,52.84
2017-05-18 10:00:00+00:00,6618.0,4361.0,31986.0,44.62,52.16
2017-05-18 11:00:00+00:00,7353.0,4563.0,31861.0,39.69,47.84
2017-05-18 12:00:00+00:00,7769.0,4588.0,30631.0,37.49,45.88
2017-05-18 13:00:00+00:00,8559.0,4539.0,30044.0,36.59,44.3
2017-05-18 14:00:00+00:00,9288.0,4529.0,29820.0,36.17,43.51
2017-05-18 15:00:00+00:00,9653.0,4185.0,29850.0,36.09,43.97
2017-05-18 16:00:00+00:00,9470.0,3728.0,29555.0,37.43,45.0
2017-05-18 17:00:00+00:00,9207.0,3146.0,29404.0,37.87,44.95
2017-05-18 18:00:00+00:00,8379.0,2149.0,29555.0,38.69,46.25
2017-05-18 19:00:00+00:00,7365.0,919.0,30455.0,45.53,52.08
2017-05-18 20:00:00+00:00,6843.0,655.0,29299.0,44.01,53.26
2017-05-18 21:00:00+00:00,6466.0,622.0,26745.0,40.6,47.67
2017-05-18 22:00:00+00:00,5862.0,576.0,25414.0,40.02,46.57
2017-05-18 23:00:00+00:00,5056.0,574.0,24078.0,39.69,46.28
2017-05-19 00:00:00+00:00,4523.0,573.0,23142.0,39.58,46.13
2017-05-19 01:00:00+00:00,4003.0,572.0,22763.0,39.63,46.32
2017-05-19 02:00:00+00:00,3586.0,569.0,22649.0,39.69,46.36
2017-05-19 03:00:00+00:00,3259.0,564.0,23056.0,40.6,46.99
2017-05-19 04:00:00+00:00,2958.0,491.0,24840.0,46.6,52.35
2017-05-19 05:00:00+00:00,2778.0,654.0,27375.0,48.33,54.29
2017-05-19 06:00:00+00:00,2381.0,1507.0,29477.0,50.54,57.01
2017-05-19 07:00:00+00:00,2196.0,3587.0,30572.0,50.34,56.55
2017-05-19 08:00:00+00:00,2230.0,4698.0,30963.0,49.33,55.6
2017-05-19 09:00:00+00:00,2541.0,5118.0,31287.0,48.5,55.67
2017-05-19 10:00:00+00:00,2749.0,5344.0,31535.0,49.48,56.5
2017-05-19 11:00:00+00:00,2950.0,5437.0,31512.0,49.26,56.51
2017-05-19 12:00:00+00:00,3231.0,5432.0,30325.0,46.6,54.16
2017-05-19 13:00:00+00:00,3499.0,5326.0,29324.0,45.95,53.25
2017-05-19 14:00:00+00:00,3842.0,5142.0,29049.0,45.95,52.98
2017-05-19 15:00:00+00:00,4105.0,4798.0,28946.0,45.95,52.99
2017-05-19 16:00:00+00:00,4265.0,4226.0,28580.0,45.97,52.85
2017-05-19 17:00:00+00:00,4302.0,3514.0,28437.0,47.0,53.92
2017-05-19 18:00:00+00:00,4013.0,2300.0,28594.0,50.34,57.24
2017-05-19 19:00:00+00:00,3529.0,1005.0,29315.0,52.52,59.44
2017-05-19 20:00:00+00:00,3423.0,696.0,28641.0,50.59,57.83
2017-05-19 21:00:00+00:00,3484.0,669.0,26434.0,50.33,57.37
2017-05-19 22:00:00+00:00,3162.0,662.0,25312.0,49.33,54.79
2017-05-19 23:00:00+00:00,2896.0,653.0,23953.0,46.5,51.83
2017-05-20 00:00:00+00:00,2591.0,652.0,22825.0,43.66,49.6
2017-05-20 01:00:00+00:00,2411.0,646.0,22258.0,43.66,50.52
2017-05-20 02:00:00+00:00,2368.0,644.0,21853.0,43.66,50.07
2017-05-20 03:00:00+00:00,2223.0,643.0,21752.0,42.95,49.39
2017-05-20 04:00:00+00:00,2221.0,501.0,21768.0,42.95,49.26
2017-05-20 05:00:00+00:00,2336.0,686.0,22402.0,43.56,49.86
2017-05-20 06:00:00+00:00,2356.0,1526.0,24095.0,44.47,51.77
2017-05-20 07:00:00+00:00,2289.0,3614.0,26130.0,48.33,54.6
2017-05-20 08:00:00+00:00,2388.0,4752.0,27506.0,49.99,55.87
2017-05-20 09:00:00+00:00,2483.0,5187.0,27932.0,49.33,55.69
2017-05-20 10:00:00+00:00,2651.0,5461.0,27990.0,49.63,55.92
2017-05-20 11:00:00+00:00,2770.0,5586.0,27989.0,50.02,56.56
2017-05-20 12:00:00+00:00,2916.0,5582.0,27304.0,49.63,56.52
2017-05-20 13:00:00+00:00,3114.0,5487.0,26178.0,45.88,52.28
2017-05-20 14:00:00+00:00,3156.0,5266.0,25572.0,44.06,50.58
2017-05-20 15:00:00+00:00,3315.0,4880.0,25342.0,43.84,50.06
2017-05-20 16:00:00+00:00,3523.0,4261.0,25229.0,44.38,50.94
2017-05-20 17:00:00+00:00,3727.0,3256.0,25440.0,45.1,51.59
2017-05-20 18:00:00+00:00,3986.0,1809.0,25651.0,46.01,52.19
2017-05-20 19:00:00+00:00,4458.0,861.0,26862.0,49.63,56.13
2017-05-20 20:00:00+00:00,5133.0,713.0,26744.0,45.1,51.86
2017-05-20 21:00:00+00:00,5568.0,701.0,24937.0,40.5,47.58
2017-05-20 22:00:00+00:00,5832.0,695.0,23474.0,39.19,46.83
2017-05-20 23:00:00+00:00,6255.0,696.0,22144.0,37.44,45.49
2017-05-21 00:00:00+00:00,6505.0,694.0,21189.0,36.1,43.79
2017-05-21 01:00:00+00:00,6389.0,695.0,20562.0,35.75,44.62
2017-05-21 02:00:00+00:00,6431.0,692.0,20266.0,34.98,43.34
2017-05-21 03:00:00+00:00,6457.0,603.0,20109.0,34.49,43.01
2017-05-21 04:00:00+00:00,6384.0,407.0,20009.0,34.21,42.51
2017-05-21 05:00:00+00:00,6264.0,424.0,19935.0,32.0,40.76
2017-05-21 06:00:00+00:00,5881.0,770.0,21080.0,35.5,44.61
2017-05-21 07:00:00+00:00,5596.0,1230.0,22845.0,37.45,47.3
2017-05-21 08:00:00+00:00,5357.0,1764.0,24346.0,39.69,48.53
2017-05-21 09:00:00+00:00,5216.0,2109.0,25132.0,40.69,48.21
2017-05-21 10:00:00+00:00,5352.0,2301.0,25442.0,40.69,48.03
2017-05-21 11:00:00+00:00,5770.0,2241.0,25750.0,42.7,50.0
2017-05-21 12:00:00+00:00,5921.0,2170.0,25583.0,43.01,50.55
2017-05-21 13:00:00+00:00,5949.0,1829.0,24418.0,39.9,48.02
2017-05-21 14:00:00+00:00,6325.0,1575.0,23691.0,39.19,47.59
2017-05-21 15:00:00+00:00,6860.0,1262.0,23488.0,39.9,47.83
2017-05-21 16:00:00+00:00,6398.0,1010.0,23678.0,39.7,47.42
2017-05-21 17:00:00+00:00,5969.0,809.0,24155.0,41.3,48.96
2017-05-21 18:00:00+00:00,6328.0,462.0,25069.0,47.69,54.37
2017-05-21 19:00:00+00:00,6885.0,84.0,26334.0,52.33,58.98
2017-05-21 20:00:00+00:00,7687.0,49.0,26842.0,52.69,59.09
2017-05-21 21:00:00+00:00,7845.0,49.0,25139.0,49.9,56.25
2017-05-21 22:00:00+00:00,7637.0,47.0,23525.0,44.65,50.88
2017-05-21 23:00:00+00:00,7407.0,46.0,22383.0,40.19,46.25
2017-05-22 00:00:00+00:00,6327.0,44.0,21619.0,39.36,46.4
2017-05-22 01:00:00+00:00,4981.0,45.0,21124.0,39.22,45.92
2017-05-22 02:00:00+00:00,3961.0,45.0,21163.0,39.36,45.82
2017-05-22 03:00:00+00:00,3342.0,45.0,21818.0,40.6,47.17
2017-05-22 04:00:00+00:00,2681.0,44.0,23948.0,48.82,54.75
2017-05-22 05:00:00+00:00,1990.0,383.0,26722.0,51.21,56.74
2017-05-22 06:00:00+00:00,1218.0,1014.0,29111.0,54.04,60.91
2017-05-22 07:00:00+00:00,776.0,2169.0,30422.0,54.93,61.35
2017-05-22 08:00:00+00:00,608.0,3785.0,31049.0,54.93,61.54
2017-05-22 09:00:00+00:00,589.0,4640.0,31497.0,54.04,61.17
2017-05-22 10:00:00+00:00,618.0,5031.0,32003.0,54.1,61.14
2017-05-22 11:00:00+00:00,815.0,5159.0,32161.0,53.66,60.77
2017-05-22 12:00:00+00:00,1151.0,5252.0,31222.0,52.46,59.85
2017-05-22 13:00:00+00:00,1666.0,5200.0,30571.0,51.66,58.36
2017-05-22 14:00:00+00:00,2457.0,5007.0,30476.0,51.04,57.41
2017-05-22 15:00:00+00:00,3156.0,4632.0,30484.0,50.3,56.82
2017-05-22 16:00:00+00:00,3879.0,4109.0,30064.0,48.25,55.14
2017-05-22 17:00:00+00:00,4517.0,3275.0,29797.0,45.98,52.93
2017-05-22 18:00:00+00:00,5081.0,1865.0,29990.0,50.03,56.7
2017-05-22 19:00:00+00:00,5631.0,882.0,30708.0,51.57,58.56
2017-05-22 20:00:00+00:00,6016.0,681.0,29510.0,50.03,57.19
2017-05-22 21:00:00+00:00,6225.0,664.0,26890.0,46.11,53.13
2017-05-22 22:00:00+00:00,6284.0,649.0,25329.0,46.56,52.84
2017-05-22 23:00:00+00:00,6088.0,641.0,24077.0,43.62,49.83
2017-05-23 00:00:00+00:00,5967.0,577.0,23198.0,40.2,46.73
2017-05-23 01:00:00+00:00,5955.0,520.0,22960.0,40.19,46.67
2017-05-23 02:00:00+00:00,5814.0,491.0,22799.0,40.14,46.93
2017-05-23 03:00:00+00:00,5721.0,437.0,23216.0,40.19,47.0
2017-05-23 04:00:00+00:00,5766.0,280.0,25036.0,44.02,50.23
2017-05-23 05:00:00+00:00,5786.0,359.0,27497.0,45.08,51.39
2017-05-23 06:00:00+00:00,5015.0,1153.0,29640.0,50.12,57.26
2017-05-23 07:00:00+00:00,4565.0,3058.0,30870.0,50.21,57.0
2017-05-23 08:00:00+00:00,4732.0,4462.0,31638.0,50.0,56.76
2017-05-23 09:00:00+00:00,5140.0,5046.0,32250.0,48.07,55.52
2017-05-23 10:00:00+00:00,5317.0,5277.0,32805.0,48.38,55.89
2017-05-23 11:00:00+00:00,5441.0,5410.0,33003.0,48.11,55.76
2017-05-23 12:00:00+00:00,5643.0,5411.0,32069.0,47.39,55.25
2017-05-23 13:00:00+00:00,5747.0,5310.0,31450.0,46.25,53.27
2017-05-23 14:00:00+00:00,5794.0,5081.0,31491.0,46.84,53.27
2017-05-23 15:00:00+00:00,6061.0,4625.0,31503.0,46.84,53.46
2017-05-23 16:00:00+00:00,6512.0,4116.0,31118.0,45.76,53.09
2017-05-23 17:00:00+00:00,6913.0,3219.0,30851.0,47.3,54.35
2017-05-23 18:00:00+00:00,7307.0,1849.0,30780.0,50.21,57.04
2017-05-23 19:00:00+00:00,7592.0,869.0,31330.0,51.9,58.91
2017-05-23 20:00:00+00:00,7982.0,657.0,30129.0,50.0,56.93
2017-05-23 21:00:00+00:00,7713.0,645.0,27520.0,45.11,51.99
2017-05-23 22:00:00+00:00,7284.0,643.0,26053.0,43.55,49.83
2017-05-23 23:00:00+00:00,6779.0,640.0,24727.0,40.14,46.69
2017-05-24 00:00:00+00:00,6391.0,633.0,23826.0,39.2,45.91
2017-05-24 01:00:00+00:00,5873.0,632.0,23421.0,39.19,45.69
2017-05-24 02:00:00+00:00,5422.0,605.0,23315.0,39.2,45.63
2017-05-24 03:00:00+00:00,4902.0,552.0,23803.0,40.19,46.57
2017-05-24 04:00:00+00:00,4542.0,367.0,25425.0,43.64,50.25
2017-05-24 05:00:00+00:00,4166.0,413.0,27817.0,45.98,52.24
2017-05-24 06:00:00+00:00,3564.0,1173.0,30057.0,50.17,57.25
2017-05-24 07:00:00+00:00,3066.0,2707.0,31221.0,50.5,57.18
2017-05-24 08:00:00+00:00,3068.0,4123.0,31967.0,50.5,57.31
2017-05-24 09:00:00+00:00,2953.0,4860.0,32648.0,50.52,57.97
2017-05-24 10:00:00+00:00,2946.0,5172.0,33289.0,50.54,58.05
2017-05-24 11:00:00+00:00,3004.0,5273.0,33339.0,50.5,58.28
2017-05-24 12:00:00+00:00,3053.0,5301.0,32374.0,50.38,57.99
2017-05-24 13:00:00+00:00,3136.0,5173.0,31920.0,50.5,57.42
2017-05-24 14:00:00+00:00,3309.0,4936.0,31986.0,50.54,57.2
2017-05-24 15:00:00+00:00,3370.0,4500.0,32069.0,51.01,57.62
2017-05-24 16:00:00+00:00,3476.0,3834.0,31697.0,51.26,57.92
2017-05-24 17:00:00+00:00,3587.0,2824.0,31417.0,52.1,58.53
2017-05-24 18:00:00+00:00,3843.0,1496.0,31135.0,52.54,59.02
2017-05-24 19:00:00+00:00,4265.0,751.0,31522.0,53.65,59.89
2017-05-24 20:00:00+00:00,4877.0,625.0,30396.0,52.21,58.86
2017-05-24 21:00:00+00:00,5038.0,604.0,27772.0,52.01,58.17
2017-05-24 22:00:00+00:00,4631.0,554.0,26415.0,52.19,57.05
2017-05-24 23:00:00+00:00,4567.0,553.0,25034.0,50.49,55.86
2017-05-25 00:00:00+00:00,4159.0,496.0,24141.0,47.57,53.11
2017-05-25 01:00:00+00:00,3675.0,369.0,23810.0,47.66,52.66
2017-05-25 02:00:00+00:00,3307.0,210.0,23622.0,49.06,53.85
2017-05-25 03:00:00+00:00,2853.0,145.0,23950.0,50.59,55.36
2017-05-25 04:00:00+00:00,2265.0,78.0,25470.0,53.79,58.5
2017-05-25 05:00:00+00:00,1903.0,279.0,27837.0,54.04,58.81
2017-05-25 06:00:00+00:00,1436.0,994.0,30056.0,54.89,60.71
2017-05-25 07:00:00+00:00,1051.0,2556.0,31575.0,54.93,60.6
2017-05-25 08:00:00+00:00,1328.0,4099.0,32467.0,54.69,60.7
2017-05-25 09:00:00+00:00,1810.0,4772.0,33184.0,54.5,61.36
2017-05-25 10:00:00+00:00,1966.0,5123.0,33820.0,54.69,61.29
2017-05-25 11:00:00+00:00,2354.0,5248.0,33991.0,54.5,61.8
2017-05-25 12:00:00+00:00,2756.0,5171.0,33104.0,54.04,61.45
2017-05-25 13:00:00+00:00,2759.0,4941.0,32609.0,54.04,60.73
2017-05-25 14:00:00+00:00,2393.0,4571.0,32724.0,54.04,60.15
2017-05-25 15:00:00+00:00,2887.0,3980.0,32855.0,54.04,60.32
2017-05-25 16:00:00+00:00,2662.0,3351.0,32304.0,52.7,59.22
2017-05-25 17:00:00+00:00,3034.0,2471.0,31816.0,53.02,59.36
2017-05-25 18:00:00+00:00,3669.0,1325.0,31591.0,53.66,59.81
2017-05-25 19:00:00+00:00,3966.0,696.0,31854.0,55.89,62.32
2017-05-25 20:00:00+00:00,3917.0,580.0,30641.0,54.89,61.33
2017-05-25 21:00:00+00:00,3753.0,545.0,28262.0,53.65,59.49
2017-05-25 22:00:00+00:00,3397.0,473.0,26882.0,54.93,59.44
2017-05-25 23:00:00+00:00,2527.0,440.0,25467.0,53.25,58.14
2017-05-26 00:00:00+00:00,2547.0,369.0,24463.0,51.53,56.25
2017-05-26 01:00:00+00:00,2619.0,227.0,24058.0,50.54,55.39
2017-05-26 02:00:00+00:00,2173.0,90.0,23807.0,49.39,54.5
2017-05-26 03:00:00+00:00,2030.0,55.0,24214.0,50.86,55.92
2017-05-26 04:00:00+00:00,2051.0,53.0,25593.0,54.04,58.94
2017-05-26 05:00:00+00:00,2407.0,228.0,27991.0,54.0,58.7
2017-05-26 06:00:00+00:00,2591.0,844.0,30317.0,55.23,61.46
2017-05-26 07:00:00+00:00,2593.0,2024.0,31901.0,55.39,61.55
2017-05-26 08:00:00+00:00,2569.0,3279.0,32733.0,54.9,61.24
2017-05-26 09:00:00+00:00,2485.0,3882.0,33371.0,54.04,61.32
2017-05-26 10:00:00+00:00,2738.0,4203.0,34003.0,54.53,61.89
2017-05-26 11:00:00+00:00,3159.0,4453.0,33995.0,54.04,61.57
2017-05-26 12:00:00+00:00,3607.0,4440.0,32791.0,51.65,59.12
2017-05-26 13:00:00+00:00,3773.0,4234.0,32013.0,50.34,57.1
2017-05-26 14:00:00+00:00,4130.0,3815.0,31924.0,50.15,56.64
2017-05-26 15:00:00+00:00,4491.0,3182.0,31912.0,50.15,56.53
2017-05-26 16:00:00+00:00,5108.0,2488.0,31447.0,50.15,56.61
2017-05-26 17:00:00+00:00,4817.0,1761.0,30943.0,50.54,57.31
2017-05-26 18:00:00+00:00,4905.0,892.0,30613.0,51.47,58.18
2017-05-26 19:00:00+00:00,4801.0,441.0,30931.0,54.0,60.58
2017-05-26 20:00:00+00:00,4856.0,353.0,29817.0,52.71,59.62
2017-05-26 21:00:00+00:00,4623.0,313.0,27903.0,52.53,58.89
2017-05-26 22:00:00+00:00,4016.0,222.0,26740.0,54.9,59.43
2017-05-26 23:00:00+00:00,3903.0,157.0,25153.0,54.04,59.23
2017-05-27 00:00:00+00:00,3538.0,158.0,24032.0,53.25,58.5
2017-05-27 01:00:00+00:00,3499.0,156.0,23446.0,52.79,58.37
2017-05-27 02:00:00+00:00,3217.0,130.0,22984.0,52.02,57.9
2017-05-27 03:00:00+00:00,3251.0,96.0,22694.0,51.57,57.33
2017-05-27 04:00:00+00:00,3574.0,71.0,22599.0,50.31,56.2
2017-05-27 05:00:00+00:00,3896.0,219.0,22894.0,47.91,53.83
2017-05-27 06:00:00+00:00,3670.0,869.0,24807.0,47.9,54.0
2017-05-27 07:00:00+00:00,3399.0,2078.0,27041.0,51.04,56.86
2017-05-27 08:00:00+00:00,3693.0,3610.0,28596.0,50.5,56.19
2017-05-27 09:00:00+00:00,4399.0,4275.0,29102.0,47.62,54.27
2017-05-27 10:00:00+00:00,5350.0,4598.0,29440.0,44.59,51.47
2017-05-27 11:00:00+00:00,5949.0,4860.0,29661.0,42.74,49.98
2017-05-27 12:00:00+00:00,6478.0,4701.0,29055.0,41.32,49.02
2017-05-27 13:00:00+00:00,6882.0,4464.0,27883.0,40.6,47.6
2017-05-27 14:00:00+00:00,7208.0,3953.0,27190.0,38.58,46.17
2017-05-27 15:00:00+00:00,7505.0,3289.0,27078.0,39.6,46.86
2017-05-27 16:00:00+00:00,7594.0,2562.0,27047.0,41.0,48.62
2017-05-27 17:00:00+00:00,7433.0,1596.0,27012.0,41.98,49.7
2017-05-27 18:00:00+00:00,6759.0,720.0,27246.0,46.0,53.34
2017-05-27 19:00:00+00:00,6054.0,354.0,28341.0,51.94,58.86
2017-05-27 20:00:00+00:00,5968.0,343.0,27862.0,51.83,59.46
2017-05-27 21:00:00+00:00,6050.0,330.0,26021.0,50.38,57.25
2017-05-27 22:00:00+00:00,6282.0,265.0,24471.0,50.54,55.6
2017-05-27 23:00:00+00:00,6265.0,224.0,23166.0,45.27,51.09
2017-05-28 00:00:00+00:00,6078.0,161.0,22072.0,42.41,48.8
2017-05-28 01:00:00+00:00,6040.0,129.0,21411.0,42.36,49.27
2017-05-28 02:00:00+00:00,5930.0,91.0,21041.0,42.16,49.05
2017-05-28 03:00:00+00:00,5589.0,73.0,20839.0,42.16,49.14
2017-05-28 04:00:00+00:00,5070.0,60.0,20504.0,42.1,49.41
2017-05-28 05:00:00+00:00,4504.0,185.0,20355.0,41.39,48.9
2017-05-28 06:00:00+00:00,3983.0,631.0,21432.0,42.16,49.87
2017-05-28 07:00:00+00:00,3762.0,1450.0,23150.0,45.27,52.65
2017-05-28 08:00:00+00:00,4290.0,2231.0,24756.0,47.9,54.33
2017-05-28 09:00:00+00:00,5171.0,2541.0,25433.0,45.0,52.31
2017-05-28 10:00:00+00:00,5762.0,2676.0,25880.0,42.41,49.94
2017-05-28 11:00:00+00:00,6389.0,2622.0,26186.0,42.16,50.04
2017-05-28 12:00:00+00:00,7001.0,2894.0,26094.0,42.16,49.73
2017-05-28 13:00:00+00:00,6777.0,2885.0,24910.0,39.21,46.38
2017-05-28 14:00:00+00:00,6433.0,2699.0,24066.0,38.1,45.62
2017-05-28 15:00:00+00:00,6541.0,2154.0,23818.0,38.58,45.97
2017-05-28 16:00:00+00:00,6369.0,1634.0,24002.0,39.21,47.06
2017-05-28 17:00:00+00:00,5681.0,1092.0,24439.0,42.39,49.45
2017-05-28 18:00:00+00:00,5479.0,527.0,25220.0,50.54,57.11
2017-05-28 19:00:00+00:00,5288.0,105.0,27085.0,55.68,61.83
2017-05-28 20:00:00+00:00,5003.0,77.0,27467.0,56.9,62.91
2017-05-28 21:00:00+00:00,4977.0,58.0,25629.0,55.68,61.47
2017-05-28 22:00:00+00:00,4886.0,47.0,23807.0,52.17,57.38
2017-05-28 23:00:00+00:00,4735.0,47.0,22565.0,49.6,54.63
2017-05-29 00:00:00+00:00,4074.0,48.0,21794.0,46.95,52.42
2017-05-29 01:00:00+00:00,3527.0,47.0,21438.0,45.4,50.82
2017-05-29 02:00:00+00:00,3076.0,47.0,21468.0,45.27,51.12
2017-05-29 03:00:00+00:00,2497.0,46.0,22049.0,48.07,52.98
2017-05-29 04:00:00+00:00,2122.0,47.0,24114.0,52.06,56.76
2017-05-29 05:00:00+00:00,1719.0,143.0,26921.0,52.71,57.35
2017-05-29 06:00:00+00:00,1351.0,510.0,29403.0,54.09,59.83
2017-05-29 07:00:00+00:00,1175.0,1180.0,30974.0,55.1,60.91
2017-05-29 08:00:00+00:00,1241.0,2020.0,31817.0,55.39,61.04
2017-05-29 09:00:00+00:00,1334.0,2608.0,32151.0,55.3,62.08
2017-05-29 10:00:00+00:00,1477.0,2959.0,32651.0,55.69,62.17
2017-05-29 11:00:00+00:00,1772.0,3277.0,32640.0,55.01,61.97
2017-05-29 12:00:00+00:00,1944.0,3566.0,31584.0,54.09,61.06
2017-05-29 13:00:00+00:00,2215.0,3635.0,30870.0,53.73,59.82
2017-05-29 14:00:00+00:00,2590.0,3454.0,30796.0,53.0,58.8
2017-05-29 15:00:00+00:00,2857.0,3110.0,30768.0,52.71,58.71
2017-05-29 16:00:00+00:00,2979.0,2611.0,30435.0,52.16,58.38
2017-05-29 17:00:00+00:00,3035.0,1887.0,30156.0,52.23,58.35
2017-05-29 18:00:00+00:00,2914.0,1061.0,30108.0,53.9,59.68
2017-05-29 19:00:00+00:00,2822.0,509.0,30667.0,54.93,60.73
2017-05-29 20:00:00+00:00,2664.0,352.0,29518.0,54.04,60.15
2017-05-29 21:00:00+00:00,2333.0,333.0,27136.0,53.01,59.26
2017-05-29 22:00:00+00:00,1854.0,285.0,25818.0,54.09,58.46
2017-05-29 23:00:00+00:00,1539.0,218.0,24425.0,51.66,56.35
2017-05-30 00:00:00+00:00,1324.0,135.0,23571.0,50.54,55.25
2017-05-30 01:00:00+00:00,1155.0,42.0,23271.0,49.6,54.17
2017-05-30 02:00:00+00:00,1220.0,41.0,23123.0,49.51,54.36
2017-05-30 03:00:00+00:00,1266.0,41.0,23412.0,50.3,54.53
2017-05-30 04:00:00+00:00,1348.0,39.0,25034.0,52.73,57.3
2017-05-30 05:00:00+00:00,1335.0,165.0,27527.0,54.53,58.9
2017-05-30 06:00:00+00:00,1113.0,773.0,29774.0,54.93,60.74
2017-05-30 07:00:00+00:00,1008.0,2174.0,31031.0,55.02,61.05
2017-05-30 08:00:00+00:00,945.0,3435.0,31826.0,54.09,59.95
2017-05-30 09:00:00+00:00,838.0,4165.0,32264.0,54.1,60.67
2017-05-30 10:00:00+00:00,781.0,4492.0,32808.0,55.02,61.81
2017-05-30 11:00:00+00:00,905.0,4554.0,32742.0,55.73,62.37
2017-05-30 12:00:00+00:00,1290.0,4555.0,31730.0,54.93,61.9
2017-05-30 13:00:00+00:00,1930.0,4388.0,30895.0,54.48,60.63
2017-05-30 14:00:00+00:00,2544.0,4146.0,30826.0,54.09,60.0
2017-05-30 15:00:00+00:00,3139.0,3736.0,30925.0,53.7,59.49
2017-05-30 16:00:00+00:00,3411.0,3361.0,30495.0,52.04,58.27
2017-05-30 17:00:00+00:00,3932.0,2829.0,30213.0,52.01,58.06
2017-05-30 18:00:00+00:00,3892.0,1812.0,30081.0,52.53,58.79
2017-05-30 19:00:00+00:00,3767.0,903.0,30468.0,54.09,60.38
2017-05-30 20:00:00+00:00,3933.0,609.0,29498.0,52.07,58.36
2017-05-30 21:00:00+00:00,3641.0,541.0,27143.0,52.01,58.14
2017-05-30 22:00:00+00:00,3449.0,522.0,25653.0,54.04,58.57
2017-05-30 23:00:00+00:00,3238.0,521.0,24313.0,51.57,56.1
2017-05-31 00:00:00+00:00,2909.0,504.0,23453.0,49.46,54.26
2017-05-31 01:00:00+00:00,2726.0,490.0,23092.0,48.34,52.9
2017-05-31 02:00:00+00:00,2623.0,474.0,22969.0,47.91,52.37
2017-05-31 03:00:00+00:00,2572.0,433.0,23210.0,50.0,54.59
2017-05-31 04:00:00+00:00,2473.0,362.0,24865.0,54.12,58.61
2017-05-31 05:00:00+00:00,2133.0,365.0,27216.0,54.93,59.79
2017-05-31 06:00:00+00:00,1491.0,1092.0,29511.0,55.39,61.45
2017-05-31 07:00:00+00:00,1096.0,3031.0,30904.0,55.0,60.73
2017-05-31 08:00:00+00:00,1096.0,4268.0,31898.0,54.48,60.38
2017-05-31 09:00:00+00:00,1021.0,4660.0,32358.0,54.48,61.09
2017-05-31 10:00:00+00:00,1161.0,4946.0,32735.0,55.0,61.6
2017-05-31 11:00:00+00:00,1512.0,4996.0,32793.0,55.31,62.03
2017-05-31 12:00:00+00:00,1966.0,4767.0,31965.0,54.93,61.63
2017-05-31 13:00:00+00:00,2530.0,4523.0,31473.0,54.93,60.92
2017-05-31 14:00:00+00:00,2981.0,4410.0,31648.0,54.5,60.04
2017-05-31 15:00:00+00:00,3340.0,4112.0,31745.0,54.53,60.13
2017-05-31 16:00:00+00:00,3548.0,3739.0,31437.0,54.48,60.24
2017-05-31 17:00:00+00:00,3655.0,3080.0,31108.0,54.48,60.27
2017-05-31 18:00:00+00:00,3891.0,2127.0,31060.0,55.02,60.7
2017-05-31 19:00:00+00:00,3836.0,1156.0,31107.0,56.3,62.69
2017-05-31 20:00:00+00:00,3933.0,620.0,29938.0,54.8,61.01
2017-05-31 21:00:00+00:00,3859.0,571.0,27465.0,54.45,60.44
2017-05-31 22:00:00+00:00,5210.0,30.0,26483.0,59.58,60.46
2017-05-31 23:00:00+00:00,4945.0,30.0,24192.0,53.98,58.66
