KEY,FREQ,CURRENCY,CURRENCY_DENOM,EXR_TYPE,EXR_SUFFIX,TIME_PERIOD,OBS_VALUE,OBS_STATUS,OBS_CONF,OBS_PRE_BREAK,OBS_COM,TIME_FORMAT,BREAKS,COLLECTION,COMPILING_ORG,DISS_ORG,DOM_SER_IDS,PUBL_ECB,PUBL_MU,PUBL_PUBLIC,UNIT_INDEX_BASE,COMPILATION,COVERAGE,DECIMALS,NAT_TITLE,SOURCE_AGENCY,SOURCE_PUB,TITLE,TITLE_COMPL,UNIT,UNIT_MULT
EXR.D.USD.EUR.SP00.A,D,USD,EUR,SP00,A,2017-01-02,1.0465,A,,,,P1D,,A,,,,,,,99Q1=100,,,4,,4F0,,US dollar/Euro ECB reference exchange rate,"ECB reference exchange rate, US dollar/Euro, 2.15 pm (C.E.T.)",USD,0
EXR.D.USD.EUR.SP00.A,D,USD,EUR,SP00,A,2017-01-03,1.0385,A,,,,P1D,,A,,,,,,,99Q1=100,,,4,,4F0,,US dollar/Euro ECB reference exchange rate,"ECB reference exchange rate, US dollar/Euro, 2.15 pm (C.E.T.)",USD,0
EXR.D.USD.EUR.SP00.A,D,USD,EUR,SP00,A,2017-01-04,1.0437,A,,,,P1D,,A,,,,,,,99Q1=100,,,4,,4F0,,US dollar/Euro ECB reference exchange rate,"ECB reference exchange rate, US dollar/Euro, 2.15 pm (C.E.T.)",USD,0
EXR.D.USD.EUR.SP00.A,D,USD,EUR,SP00,A,2017-01-05,1.0501,A,,,,P1D,,A,,,,,,,99Q1=100,,,4,,4F0,,US dollar/Euro ECB reference exchange rate,"ECB reference exchange rate, US dollar/Euro, 2.15 pm (C.E.T.)",USD,0
EXR.D.USD.EUR.SP00.A,D,USD,EUR,SP00,A,2017-01-06,1.0589,A,,,,P1D,,A,,,,,,,99Q1=100,,,4,,4F0,,US dollar/Euro ECB reference exchange rate,"ECB reference exchange rate, US dollar/Euro, 2.15 pm (C.E.T.)",USD,0
EXR.D.USD.EUR.SP00.A,D,USD,EUR,SP00,A,2017-01-09,1.0516,A,,,,P1D,,A,,,,,,,99Q1=100,,,4,,4F0,,US dollar/Euro ECB reference exchange rate,"ECB reference exchange rate, US dollar/Euro, 2.15 pm (C.E.T.)",USD,0
EXR.D.USD.EUR.SP00.A,D,USD,EUR,SP00,A,2017-01-10,1.0567,A,,,,P1D,,A,,,,,,,99Q1=100,,,4,,4F0,,US dollar/Euro ECB reference exchange rate,"ECB reference exchange rate, US dollar/Euro, 2.15 pm (C.E.T.)",USD,0
EXR.D.USD.EUR.SP00.A,D,USD,EUR,SP00,A,2017-01-11,1.0503,A,,,,P1D,,A,,,,,,,99Q1=100,,,4,,4F0,,US dollar/Euro ECB reference exchange rate,"ECB reference exchange rate, US dollar/Euro, 2.15 pm (C.E.T.)",USD,0
EXR.D.USD.EUR.SP00.A,D,USD,EUR,SP00,A,2017-01-12,1.0679,A,,,,P1D,,A,,,,,,,99Q1=100,,,4,,4F0,,US dollar/Euro ECB reference exchange rate,"ECB reference exchange rate, US dollar/Euro, 2.15 pm (C.E.T.)",USD,0
EXR.D.USD.EUR.SP00.A,D,USD,EUR,SP00,A,2017-01-13,1.0661,A,,,,P1D,,A,,,,,,,99Q1=100,,,4,,4F0,,US dollar/Euro ECB reference exchange rate,"ECB reference exchange rate, US dollar/Euro, 2.15 pm (C.E.T.)",USD,0
EXR.D.USD.EUR.SP00.A,D,USD,EUR,SP00,A,2017-01-16,1.0594,A,,,,P1D,,A,,,,,,,99Q1=100,,,4,,4F0,,US dollar/Euro ECB reference exchange rate,"ECB reference exchange rate, US dollar/Euro, 2.15 pm (C.E.T.)",USD,0
EXR.D.USD.EUR.SP00.A,D,USD,EUR,SP00,A,2017-01-17,1.0684,A,,,,P1D,,A,,,,,,,99Q1=100,,,4,,4F0,,US dollar/Euro ECB reference exchange rate,"ECB reference exchange rate, US dollar/Euro, 2.15 pm (C.E.T.)",USD,0
EXR.D.USD.EUR.SP00.A,D,USD,EUR,SP00,A,2017-01-18,1.0664,A,,,,P1D,,A,,,,,,,99Q1=100,,,4,,4F0,,US dollar/Euro ECB reference exchange rate,"ECB reference exchange rate, US dollar/Euro, 2.15 pm (C.E.T.)",USD,0
EXR.D.USD.EUR.SP00.A,D,USD,EUR,SP00,A,2017-01-19,1.0668,A,,,,P1D,,A,,,,,,,99Q1=100,,,4,,4F0,,US dollar/Euro ECB reference exchange rate,"ECB reference exchange rate, US dollar/Euro, 2.15 pm (C.E.T.)",USD,0
EXR.D.USD.EUR.SP00.A,D,USD,EUR,SP00,A,2017-01-20,1.0632,A,,,,P1D,,A,,,,,,,99Q1=100,,,4,,4F0,,US dollar/Euro ECB reference exchange rate,"ECB reference exchange rate, US dollar/Euro, 2.15 pm (C.E.T.)",USD,0
EXR.D.USD.EUR.SP00.A,D,USD,EUR,SP00,A,2017-01-23,1.0715,A,,,,P1D,,A,,,,,,,99Q1=100,,,4,,4F0,,US dollar/Euro ECB reference exchange rate,"ECB reference exchange rate, US dollar/Euro, 2.15 pm (C.E.T.)",USD,0
EXR.D.USD.EUR.SP00.A,D,USD,EUR,SP00,A,2017-01-24,1.0748,A,,,,P1D,,A,,,,,,,99Q1=100,,,4,,4F0,,US dollar/Euro ECB reference exchange rate,"ECB reference exchange rate, US dollar/Euro, 2.15 pm (C.E.T.)",USD,0
EXR.D.USD.EUR.SP00.A,D,USD,EUR,SP00,A,2017-01-25,1.0743,A,,,,P1D,,A,,,,,,,99Q1=100,,,4,,4F0,,US dollar/Euro ECB reference exchange rate,"ECB reference exchange rate, US dollar/Euro, 2.15 pm (C.E.T.)",USD,0
EXR.D.USD.EUR.SP00.A,D,USD,EUR,SP00,A,2017-01-26,1.07,A,,,,P1D,,A,,,,,,,99Q1=100,,,4,,4F0,,US dollar/Euro ECB reference exchange rate,"ECB reference exchange rate, US dollar/Euro, 2.15 pm (C.E.T.)",USD,0
EXR.D.USD.EUR.SP00.A,D,USD,EUR,SP00,A,2017-01-27,1.0681,A,,,,P1D,,A,,,,,,,99Q1=100,,,4,,4F0,,US dollar/Euro ECB reference exchange rate,"ECB reference exchange rate, US dollar/Euro, 2.15 pm (C.E.T.)",USD,0
EXR.D.USD.EUR.SP00.A,D,USD,EUR,SP00,A,2017-01-30,1.063,A,,,,P1D,,A,,,,,,,99Q1=100,,,4,,4F0,,US dollar/Euro ECB reference exchange rate,"ECB reference exchange rate, US dollar/Euro, 2.15 pm (C.E.T.)",USD,0
EXR.D.USD.EUR.SP00.A,D,USD,EUR,SP00,A,2017-01-31,1.0755,A,,,,P1D,,A,,,,,,,99Q1=100,,,4,,4F0,,US dollar/Euro ECB reference exchange rate,"ECB reference exchange rate, US dollar/Euro, 2.15 pm (C.E.T.)",USD,0
EXR.D.USD.EUR.SP00.A,D,USD,EUR,SP00,A,2017-02-01,1.079,A,,,,P1D,,A,,,,,,,99Q1=100,,,4,,4F0,,US dollar/Euro ECB reference exchange rate,"ECB reference exchange rate, US dollar/Euro, 2.15 pm (C.E.T.)",USD,0
EXR.D.USD.EUR.SP00.A,D,USD,EUR,SP00,A,2017-02-02,1.0808,A,,,,P1D,,A,,,,,,,99Q1=100,,,4,,4F0,,US dollar/Euro ECB reference exchange rate,"ECB reference exchange rate, US dollar/Euro, 2.15 pm (C.E.T.)",USD,0
EXR.D.USD.EUR.SP00.A,D,USD,EUR,SP00,A,2017-02-03,1.0741,A,,,,P1D,,A,,,,,,,99Q1=100,,,4,,4F0,,US dollar/Euro ECB reference exchange rate,"ECB reference exchange rate, US dollar/Euro, 2.15 pm (C.E.T.)",USD,0
EXR.D.USD.EUR.SP00.A,D,USD,EUR,SP00,A,2017-02-06,1.0712,A,,,,P1D,,A,,,,,,,99Q1=100,,,4,,4F0,,US dollar/Euro ECB reference exchange rate,"ECB reference exchange rate, US dollar/Euro, 2.15 pm (C.E.T.)",USD,0
EXR.D.USD.EUR.SP00.A,D,USD,EUR,SP00,A,2017-02-07,1.0675,A,,,,P1D,,A,,,,,,,99Q1=100,,,4,,4F0,,US dollar/Euro ECB reference exchange rate,"ECB reference exchange rate, US dollar/Euro, 2.15 pm (C.E.T.)",USD,0
EXR.D.USD.EUR.SP00.A,D,USD,EUR,SP00,A,2017-02-08,1.0665,A,,,,P1D,,A,,,,,,,99Q1=100,,,4,,4F0,,US dollar/Euro ECB reference exchange rate,"ECB reference exchange rate, US dollar/Euro, 2.15 pm (C.E.T.)",USD,0
EXR.D.USD.EUR.SP00.A,D,USD,EUR,SP00,A,2017-02-09,1.0692,A,,,,P1D,,A,,,,,,,99Q1=100,,,4,,4F0,,US dollar/Euro ECB reference exchange rate,"ECB reference exchange rate, US dollar/Euro, 2.15 pm (C.E.T.)",USD,0
EXR.D.USD.EUR.SP00.A,D,USD,EUR,SP00,A,2017-02-10,1.0629,A,,,,P1D,,A,,,,,,,99Q1=100,,,4,,4F0,,US dollar/Euro ECB reference exchange rate,"ECB reference exchange rate, US dollar/Euro, 2.15 pm (C.E.T.)",USD,0
EXR.D.USD.EUR.SP00.A,D,USD,EUR,SP00,A,2017-02-13,1.0629,A,,,,P1D,,A,,,,,,,99Q1=100,,,4,,4F0,,US dollar/Euro ECB reference exchange rate,"ECB reference exchange rate, US dollar/Euro, 2.15 pm (C.E.T.)",USD,0
EXR.D.USD.EUR.SP00.A,D,USD,EUR,SP00,A,2017-02-14,1.0623,A,,,,P1D,,A,,,,,,,99Q1=100,,,4,,4F0,,US dollar/Euro ECB reference exchange rate,"ECB reference exchange rate, US dollar/Euro, 2.15 pm (C.E.T.)",USD,0
EXR.D.USD.EUR.SP00.A,D,USD,EUR,SP00,A,2017-02-15,1.0555,A,,,,P1D,,A,,,,,,,99Q1=100,,,4,,4F0,,US dollar/Euro ECB reference exchange rate,"ECB reference exchange rate, US dollar/Euro, 2.15 pm (C.E.T.)",USD,0
EXR.D.USD.EUR.SP00.A,D,USD,EUR,SP00,A,2017-02-16,1.0652,A,,,,P1D,,A,,,,,,,99Q1=100,,,4,,4F0,,US dollar/Euro ECB reference exchange rate,"ECB reference exchange rate, US dollar/Euro, 2.15 pm (C.E.T.)",USD,0
EXR.D.USD.EUR.SP00.A,D,USD,EUR,SP00,A,2017-02-17,1.065,A,,,,P1D,,A,,,,,,,99Q1=100,,,4,,4F0,,US dollar/Euro ECB reference exchange rate,"ECB reference exchange rate, US dollar/Euro, 2.15 pm (C.E.T.)",USD,0
EXR.D.USD.EUR.SP00.A,D,USD,EUR,SP00,A,2017-02-20,1.0616,A,,,,P1D,,A,,,,,,,99Q1=100,,,4,,4F0,,US dollar/Euro ECB reference exchange rate,"ECB reference exchange rate, US dollar/Euro, 2.15 pm (C.E.T.)",USD,0
EXR.D.USD.EUR.SP00.A,D,USD,EUR,SP00,A,2017-02-21,1.0537,A,,,,P1D,,A,,,,,,,99Q1=100,,,4,,4F0,,US dollar/Euro ECB reference exchange rate,"ECB reference exchange rate, US dollar/Euro, 2.15 pm (C.E.T.)",USD,0
EXR.D.USD.EUR.SP00.A,D,USD,EUR,SP00,A,2017-02-22,1.0513,A,,,,P1D,,A,,,,,,,99Q1=100,,,4,,4F0,,US dollar/Euro ECB reference exchange rate,"ECB reference exchange rate, US dollar/Euro, 2.15 pm (C.E.T.)",USD,0
EXR.D.USD.EUR.SP00.A,D,USD,EUR,SP00,A,2017-02-23,1.0573,A,,,,P1D,,A,,,,,,,99Q1=100,,,4,,4F0,,US dollar/Euro ECB reference exchange rate,"ECB reference exchange rate, US dollar/Euro, 2.15 pm (C.E.T.)",USD,0
EXR.D.USD.EUR.SP00.A,D,USD,EUR,SP00,A,2017-02-24,1.0609,A,,,,P1D,,A,,,,,,,99Q1=100,,,4,,4F0,,US dollar/Euro ECB reference exchange rate,"ECB reference exchange rate, US dollar/Euro, 2.15 pm (C.E.T.)",USD,0
EXR.D.USD.EUR.SP00.A,D,USD,EUR,SP00,A,2017-02-27,1.0587,A,,,,P1D,,A,,,,,,,99Q1=100,,,4,,4F0,,US dollar/Euro ECB reference exchange rate,"ECB reference exchange rate, US dollar/Euro, 2.15 pm (C.E.T.)",USD,0
EXR.D.USD.EUR.SP00.A,D,USD,EUR,SP00,A,2017-02-28,1.0597,A,,,,P1D,,A,,,,,,,99Q1=100,,,4,,4F0,,US dollar/Euro ECB reference exchange rate,"ECB reference exchange rate, US dollar/Euro, 2.15 pm (C.E.T.)",USD,0
EXR.D.USD.EUR.SP00.A,D,USD,EUR,SP00,A,2017-03-01,1.0533,A,,,,P1D,,A,,,,,,,99Q1=100,,,4,,4F0,,US dollar/Euro ECB reference exchange rate,"ECB reference exchange rate, US dollar/Euro, 2.15 pm (C.E.T.)",USD,0
EXR.D.USD.EUR.SP00.A,D,USD,EUR,SP00,A,2017-03-02,1.0514,A,,,,P1D,,A,,,,,,,99Q1=100,,,4,,4F0,,US dollar/Euro ECB reference exchange rate,"ECB reference exchange rate, US dollar/Euro, 2.15 pm (C.E.T.)",USD,0
EXR.D.USD.EUR.SP00.A,D,USD,EUR,SP00,A,2017-03-03,1.0565,A,,,,P1D,,A,,,,,,,99Q1=100,,,4,,4F0,,US dollar/Euro ECB reference exchange rate,"ECB reference exchange rate, US dollar/Euro, 2.15 pm (C.E.T.)",USD,0
EXR.D.USD.EUR.SP00.A,D,USD,EUR,SP00,A,2017-03-06,1.0592,A,,,,P1D,,A,,,,,,,99Q1=100,,,4,,4F0,,US dollar/Euro ECB reference exchange rate,"ECB reference exchange rate, US dollar/Euro, 2.15 pm (C.E.T.)",USD,0
EXR.D.USD.EUR.SP00.A,D,USD,EUR,SP00,A,2017-03-07,1.0576,A,,,,P1D,,A,,,,,,,99Q1=100,,,4,,4F0,,US dollar/Euro ECB reference exchange rate,"ECB reference exchange rate, US dollar/Euro, 2.15 pm (C.E.T.)",USD,0
EXR.D.USD.EUR.SP00.A,D,USD,EUR,SP00,A,2017-03-08,1.0556,A,,,,P1D,,A,,,,,,,99Q1=100,,,4,,4F0,,US dollar/Euro ECB reference exchange rate,"ECB reference exchange rate, US dollar/Euro, 2.15 pm (C.E.T.)",USD,0
EXR.D.USD.EUR.SP00.A,D,USD,EUR,SP00,A,2017-03-09,1.0551,A,,,,P1D,,A,,,,,,,99Q1=100,,,4,,4F0,,US dollar/Euro ECB reference exchange rate,"ECB reference exchange rate, US dollar/Euro, 2.15 pm (C.E.T.)",USD,0
EXR.D.USD.EUR.SP00.A,D,USD,EUR,SP00,A,2017-03-10,1.0606,A,,,,P1D,,A,,,,,,,99Q1=100,,,4,,4F0,,US dollar/Euro ECB reference exchange rate,"ECB reference exchange rate, US dollar/Euro, 2.15 pm (C.E.T.)",USD,0
EXR.D.USD.EUR.SP00.A,D,USD,EUR,SP00,A,2017-03-13,1.0663,A,,,,P1D,,A,,,,,,,99Q1=100,,,4,,4F0,,US dollar/Euro ECB reference exchange rate,"ECB reference exchange rate, US dollar/Euro, 2.15 pm (C.E.T.)",USD,0
EXR.D.USD.EUR.SP00.A,D,USD,EUR,SP00,A,2017-03-14,1.0631,A,,,,P1D,,A,,,,,,,99Q1=100,,,4,,4F0,,US dollar/Euro ECB reference exchange rate,"ECB reference exchange rate, US dollar/Euro, 2.15 pm (C.E.T.)",USD,0
EXR.D.USD.EUR.SP00.A,D,USD,EUR,SP00,A,2017-03-15,1.0622,A,,,,P1D,,A,,,,,,,99Q1=100,,,4,,4F0,,US dollar/Euro ECB reference exchange rate,"ECB reference exchange rate, US dollar/Euro, 2.15 pm (C.E.T.)",USD,0
EXR.D.USD.EUR.SP00.A,D,USD,EUR,SP00,A,2017-03-16,1.0726,A,,,,P1D,,A,,,,,,,99Q1=100,,,4,,4F0,,US dollar/Euro ECB reference exchange rate,"ECB reference exchange rate, US dollar/Euro, 2.15 pm (C.E.T.)",USD,0
EXR.D.USD.EUR.SP00.A,D,USD,EUR,SP00,A,2017-03-17,1.0737,A,,,,P1D,,A,,,,,,,99Q1=100,,,4,,4F0,,US dollar/Euro ECB reference exchange rate,"ECB reference exchange rate, US dollar/Euro, 2.15 pm (C.E.T.)",USD,0
EXR.D.USD.EUR.SP00.A,D,USD,EUR,SP00,A,2017-03-20,1.0752,A,,,,P1D,,A,,,,,,,99Q1=100,,,4,,4F0,,US dollar/Euro ECB reference exchange rate,"ECB reference exchange rate, US dollar/Euro, 2.15 pm (C.E.T.)",USD,0
EXR.D.USD.EUR.SP00.A,D,USD,EUR,SP00,A,2017-03-21,1.0802,A,,,,P1D,,A,,,,,,,99Q1=100,,,4,,4F0,,US dollar/Euro ECB reference exchange rate,"ECB reference exchange rate, US dollar/Euro, 2.15 pm (C.E.T.)",USD,0
EXR.D.USD.EUR.SP00.A,D,USD,EUR,SP00,A,2017-03-22,1.0807,A,,,,P1D,,A,,,,,,,99Q1=100,,,4,,4F0,,US dollar/Euro ECB reference exchange rate,"ECB reference exchange rate, US dollar/Euro, 2.15 pm (C.E.T.)",USD,0
EXR.D.USD.EUR.SP00.A,D,USD,EUR,SP00,A,2017-03-23,1.0786,A,,,,P1D,,A,,,,,,,99Q1=100,,,4,,4F0,,US dollar/Euro ECB reference exchange rate,"ECB reference exchange rate, US dollar/Euro, 2.15 pm (C.E.T.)",USD,0
EXR.D.USD.EUR.SP00.A,D,USD,EUR,SP00,A,2017-03-24,1.0805,A,,,,P1D,,A,,,,,,,99Q1=100,,,4,,4F0,,US dollar/Euro ECB reference exchange rate,"ECB reference exchange rate, US dollar/Euro, 2.15 pm (C.E.T.)",USD,0
EXR.D.USD.EUR.SP00.A,D,USD,EUR,SP00,A,2017-03-27,1.0889,A,,,,P1D,,A,,,,,,,99Q1=100,,,4,,4F0,,US dollar/Euro ECB reference exchange rate,"ECB reference exchange rate, US dollar/Euro, 2.15 pm (C.E.T.)",USD,0
EXR.D.USD.EUR.SP00.A,D,USD,EUR,SP00,A,2017-03-28,1.0859,A,,,,P1D,,A,,,,,,,99Q1=100,,,4,,4F0,,US dollar/Euro ECB reference exchange rate,"ECB reference exchange rate, US dollar/Euro, 2.15 pm (C.E.T.)",USD,0
EXR.D.USD.EUR.SP00.A,D,USD,EUR,SP00,A,2017-03-29,1.0748,A,,,,P1D,,A,,,,,,,99Q1=100,,,4,,4F0,,US dollar/Euro ECB reference exchange rate,"ECB reference exchange rate, US dollar/Euro, 2.15 pm (C.E.T.)",USD,0
EXR.D.USD.EUR.SP00.A,D,USD,EUR,SP00,A,2017-03-30,1.0737,A,,,,P1D,,A,,,,,,,99Q1=100,,,4,,4F0,,US dollar/Euro ECB reference exchange rate,"ECB reference exchange rate, US dollar/Euro, 2.15 pm (C.E.T.)",USD,0
EXR.D.USD.EUR.SP00.A,D,USD,EUR,SP00,A,2017-03-31,1.0691,A,,,,P1D,,A,,,,,,,99Q1=100,,,4,,4F0,,US dollar/Euro ECB reference exchange rate,"ECB reference exchange rate, US dollar/Euro, 2.15 pm (C.E.T.)",USD,0
EXR.D.USD.EUR.SP00.A,D,USD,EUR,SP00,A,2017-04-03,1.0661,A,,,,P1D,,A,,,,,,,99Q1=100,,,4,,4F0,,US dollar/Euro ECB reference exchange rate,"ECB reference exchange rate, US dollar/Euro, 2.15 pm (C.E.T.)",USD,0
EXR.D.USD.EUR.SP00.A,D,USD,EUR,SP00,A,2017-04-04,1.0651,A,,,,P1D,,A,,,,,,,99Q1=100,,,4,,4F0,,US dollar/Euro ECB reference exchange rate,"ECB reference exchange rate, US dollar/Euro, 2.15 pm (C.E.T.)",USD,0
EXR.D.USD.EUR.SP00.A,D,USD,EUR,SP00,A,2017-04-05,1.0678,A,,,,P1D,,A,,,,,,,99Q1=100,,,4,,4F0,,US dollar/Euro ECB reference exchange rate,"ECB reference exchange rate, US dollar/Euro, 2.15 pm (C.E.T.)",USD,0
EXR.D.USD.EUR.SP00.A,D,USD,EUR,SP00,A,2017-04-06,1.0666,A,,,,P1D,,A,,,,,,,99Q1=100,,,4,,4F0,,US dollar/Euro ECB reference exchange rate,"ECB reference exchange rate, US dollar/Euro, 2.15 pm (C.E.T.)",USD,0
EXR.D.USD.EUR.SP00.A,D,USD,EUR,SP00,A,2017-04-07,1.063,A,,,,P1D,,A,,,,,,,99Q1=100,,,4,,4F0,,US dollar/Euro ECB reference exchange rate,"ECB reference exchange rate, US dollar/Euro, 2.15 pm (C.E.T.)",USD,0
EXR.D.USD.EUR.SP00.A,D,USD,EUR,SP00,A,2017-04-10,1.0578,A,,,,P1D,,A,,,,,,,99Q1=100,,,4,,4F0,,US dollar/Euro ECB reference exchange rate,"ECB reference exchange rate, US dollar/Euro, 2.15 pm (C.E.T.)",USD,0
EXR.D.USD.EUR.SP00.A,D,USD,EUR,SP00,A,2017-04-11,1.0616,A,,,,P1D,,A,,,,,,,99Q1=100,,,4,,4F0,,US dollar/Euro ECB reference exchange rate,"ECB reference exchange rate, US dollar/Euro, 2.15 pm (C.E.T.)",USD,0
EXR.D.USD.EUR.SP00.A,D,USD,EUR,SP00,A,2017-04-12,1.0605,A,,,,P1D,,A,,,,,,,99Q1=100,,,4,,4F0,,US dollar/Euro ECB reference exchange rate,"ECB reference exchange rate, US dollar/Euro, 2.15 pm (C.E.T.)",USD,0
EXR.D.USD.EUR.SP00.A,D,USD,EUR,SP00,A,2017-04-13,1.063,A,,,,P1D,,A,,,,,,,99Q1=100,,,4,,4F0,,US dollar/Euro ECB reference exchange rate,"ECB reference exchange rate, US dollar/Euro, 2.15 pm (C.E.T.)",USD,0
EXR.D.USD.EUR.SP00.A,D,USD,EUR,SP00,A,2017-04-18,1.0682,A,,,,P1D,,A,,,,,,,99Q1=100,,,4,,4F0,,US dollar/Euro ECB reference exchange rate,"ECB reference exchange rate, US dollar/Euro, 2.15 pm (C.E.T.)",USD,0
EXR.D.USD.EUR.SP00.A,D,USD,EUR,SP00,A,2017-04-19,1.0725,A,,,,P1D,,A,,,,,,,99Q1=100,,,4,,4F0,,US dollar/Euro ECB reference exchange rate,"ECB reference exchange rate, US dollar/Euro, 2.15 pm (C.E.T.)",USD,0
EXR.D.USD.EUR.SP00.A,D,USD,EUR,SP00,A,2017-04-20,1.0745,A,,,,P1D,,A,,,,,,,99Q1=100,,,4,,4F0,,US dollar/Euro ECB reference exchange rate,"ECB reference exchange rate, US dollar/Euro, 2.15 pm (C.E.T.)",USD,0
EXR.D.USD.EUR.SP00.A,D,USD,EUR,SP00,A,2017-04-21,1.0698,A,,,,P1D,,A,,,,,,,99Q1=100,,,4,,4F0,,US dollar/Euro ECB reference exchange rate,"ECB reference exchange rate, US dollar/Euro, 2.15 pm (C.E.T.)",USD,0
EXR.D.USD.EUR.SP00.A,D,USD,EUR,SP00,A,2017-04-24,1.0848,A,,,,P1D,,A,,,,,,,99Q1=100,,,4,,4F0,,US dollar/Euro ECB reference exchange rate,"ECB reference exchange rate, US dollar/Euro, 2.15 pm (C.E.T.)",USD,0
EXR.D.USD.EUR.SP00.A,D,USD,EUR,SP00,A,2017-04-25,1.0891,A,,,,P1D,,A,,,,,,,99Q1=100,,,4,,4F0,,US dollar/Euro ECB reference exchange rate,"ECB reference exchange rate, US dollar/Euro, 2.15 pm (C.E.T.)",USD,0
EXR.D.USD.EUR.SP00.A,D,USD,EUR,SP00,A,2017-04-26,1.0893,A,,,,P1D,,A,,,,,,,99Q1=100,,,4,,4F0,,US dollar/Euro ECB reference exchange rate,"ECB reference exchange rate, US dollar/Euro, 2.15 pm (C.E.T.)",USD,0
EXR.D.USD.EUR.SP00.A,D,USD,EUR,SP00,A,2017-04-27,1.0881,A,,,,P1D,,A,,,,,,,99Q1=100,,,4,,4F0,,US dollar/Euro ECB reference exchange rate,"ECB reference exchange rate, US dollar/Euro, 2.15 pm (C.E.T.)",USD,0
EXR.D.USD.EUR.SP00.A,D,USD,EUR,SP00,A,2017-04-28,1.093,A,,,,P1D,,A,,,,,,,99Q1=100,,,4,,4F0,,US dollar/Euro ECB reference exchange rate,"ECB reference exchange rate, US dollar/Euro, 2.15 pm (C.E.T.)",USD,0
EXR.D.USD.EUR.SP00.A,D,USD,EUR,SP00,A,2017-05-02,1.0915,A,,,,P1D,,A,,,,,,,99Q1=100,,,4,,4F0,,US dollar/Euro ECB reference exchange rate,"ECB reference exchange rate, US dollar/Euro, 2.15 pm (C.E.T.)",USD,0
EXR.D.USD.EUR.SP00.A,D,USD,EUR,SP00,A,2017-05-03,1.0919,A,,,,P1D,,A,,,,,,,99Q1=100,,,4,,4F0,,US dollar/Euro ECB reference exchange rate,"ECB reference exchange rate, US dollar/Euro, 2.15 pm (C.E.T.)",USD,0
EXR.D.USD.EUR.SP00.A,D,USD,EUR,SP00,A,2017-05-04,1.0927,A,,,,P1D,,A,,,,,,,99Q1=100,,,4,,4F0,,US dollar/Euro ECB reference exchange rate,"ECB reference exchange rate, US dollar/Euro, 2.15 pm (C.E.T.)",USD,0
EXR.D.USD.EUR.SP00.A,D,USD,EUR,SP00,A,2017-05-05,1.0961,A,,,,P1D,,A,,,,,,,99Q1=100,,,4,,4F0,,US dollar/Euro ECB reference exchange rate,"ECB reference exchange rate, US dollar/Euro, 2.15 pm (C.E.T.)",USD,0
EXR.D.USD.EUR.SP00.A,D,USD,EUR,SP00,A,2017-05-08,1.0938,A,,,,P1D,,A,,,,,,,99Q1=100,,,4,,4F0,,US dollar/Euro ECB reference exchange rate,"ECB reference exchange rate, US dollar/Euro, 2.15 pm (C.E.T.)",USD,0
EXR.D.USD.EUR.SP00.A,D,USD,EUR,SP00,A,2017-05-09,1.0888,A,,,,P1D,,A,,,,,,,99Q1=100,,,4,,4F0,,US dollar/Euro ECB reference exchange rate,"ECB reference exchange rate, US dollar/Euro, 2.15 pm (C.E.T.)",USD,0
EXR.D.USD.EUR.SP00.A,D,USD,EUR,SP00,A,2017-05-10,1.0882,A,,,,P1D,,A,,,,,,,99Q1=100,,,4,,4F0,,US dollar/Euro ECB reference exchange rate,"ECB reference exchange rate, US dollar/Euro, 2.15 pm (C.E.T.)",USD,0
EXR.D.USD.EUR.SP00.A,D,USD,EUR,SP00,A,2017-05-11,1.086,A,,,,P1D,,A,,,,,,,99Q1=100,,,4,,4F0,,US dollar/Euro ECB reference exchange rate,"ECB reference exchange rate, US dollar/Euro, 2.15 pm (C.E.T.)",USD,0
EXR.D.USD.EUR.SP00.A,D,USD,EUR,SP00,A,2017-05-12,1.0876,A,,,,P1D,,A,,,,,,,99Q1=100,,,4,,4F0,,US dollar/Euro ECB reference exchange rate,"ECB reference exchange rate, US dollar/Euro, 2.15 pm (C.E.T.)",USD,0
EXR.D.USD.EUR.SP00.A,D,USD,EUR,SP00,A,2017-05-15,1.0972,A,,,,P1D,,A,,,,,,,99Q1=100,,,4,,4F0,,US dollar/Euro ECB reference exchange rate,"ECB reference exchange rate, US dollar/Euro, 2.15 pm (C.E.T.)",USD,0
EXR.D.USD.EUR.SP00.A,D,USD,EUR,SP00,A,2017-05-16,1.1059,A,,,,P1D,,A,,,,,,,99Q1=100,,,4,,4F0,,US dollar/Euro ECB reference exchange rate,"ECB reference exchange rate, US dollar/Euro, 2.15 pm (C.E.T.)",USD,0
EXR.D.USD.EUR.SP00.A,D,USD,EUR,SP00,A,2017-05-17,1.1117,A,,,,P1D,,A,,,,,,,99Q1=100,,,4,,4F0,,US dollar/Euro ECB reference exchange rate,"ECB reference exchange rate, US dollar/Euro, 2.15 pm (C.E.T.)",USD,0
EXR.D.USD.EUR.SP00.A,D,USD,EUR,SP00,A,2017-05-18,1.1129,A,,,,P1D,,A,,,,,,,99Q1=100,,,4,,4F0,,US dollar/Euro ECB reference exchange rate,"ECB reference exchange rate, US dollar/Euro, 2.15 pm (C.E.T.)",USD,0
EXR.D.USD.EUR.SP00.A,D,USD,EUR,SP00,A,2017-05-19,1.1179,A,,,,P1D,,A,,,,,,,99Q1=100,,,4,,4F0,,US dollar/Euro ECB reference exchange rate,"ECB reference exchange rate, US dollar/Euro, 2.15 pm (C.E.T.)",USD,0
EXR.D.USD.EUR.SP00.A,D,USD,EUR,SP00,A,2017-05-22,1.1243,A,,,,P1D,,A,,,,,,,99Q1=100,,,4,,4F0,,US dollar/Euro ECB reference exchange rate,"ECB reference exchange rate, US dollar/Euro, 2.15 pm (C.E.T.)",USD,0
EXR.D.USD.EUR.SP00.A,D,USD,EUR,SP00,A,2017-05-23,1.1215,A,,,,P1D,,A,,,,,,,99Q1=100,,,4,,4F0,,US dollar/Euro ECB reference exchange rate,"ECB reference exchange rate, US dollar/Euro, 2.15 pm (C.E.T.)",USD,0
EXR.D.USD.EUR.SP00.A,D,USD,EUR,SP00,A,2017-05-24,1.1193,A,,,,P1D,,A,,,,,,,99Q1=100,,,4,,4F0,,US dollar/Euro ECB reference exchange rate,"ECB reference exchange rate, US dollar/Euro, 2.15 pm (C.E.T.)",USD,0
EXR.D.USD.EUR.SP00.A,D,USD,EUR,SP00,A,2017-05-25,1.1214,A,,,,P1D,,A,,,,,,,99Q1=100,,,4,,4F0,,US dollar/Euro ECB reference exchange rate,"ECB reference exchange rate, US dollar/Euro, 2.15 pm (C.E.T.)",USD,0
EXR.D.USD.EUR.SP00.A,D,USD,EUR,SP00,A,2017-05-26,1.1196,A,,,,P1D,,A,,,,,,,99Q1=100,,,4,,4F0,,US dollar/Euro ECB reference exchange rate,"ECB reference exchange rate, US dollar/Euro, 2.15 pm (C.E.T.)",USD,0
EXR.D.USD.EUR.SP00.A,D,USD,EUR,SP00,A,2017-05-29,1.1188,A,,,,P1D,,A,,,,,,,99Q1=100,,,4,,4F0,,US dollar/Euro ECB reference exchange rate,"ECB reference exchange rate, US dollar/Euro, 2.15 pm (C.E.T.)",USD,0
EXR.D.USD.EUR.SP00.A,D,USD,EUR,SP00,A,2017-05-30,1.1173,A,,,,P1D,,A,,,,,,,99Q1=100,,,4,,4F0,,US dollar/Euro ECB reference exchange rate,"ECB reference exchange rate, US dollar/Euro, 2.15 pm (C.E.T.)",USD,0
EXR.D.USD.EUR.SP00.A,D,USD,EUR,SP00,A,2017-05-31,1.1221,A,,,,P1D,,A,,,,,,,99Q1=100,,,4,,4F0,,US dollar/Euro ECB reference exchange rate,"ECB reference exchange rate, US dollar/Euro, 2.15 pm (C.E.T.)",USD,0
EXR.D.USD.EUR.SP00.A,D,USD,EUR,SP00,A,2017-06-01,1.1219,A,,,,P1D,,A,,,,,,,99Q1=100,,,4,,4F0,,US dollar/Euro ECB reference exchange rate,"ECB reference exchange rate, US dollar/Euro, 2.15 pm (C.E.T.)",USD,0
EXR.D.USD.EUR.SP00.A,D,USD,EUR,SP00,A,2017-06-02,1.1217,A,,,,P1D,,A,,,,,,,99Q1=100,,,4,,4F0,,US dollar/Euro ECB reference exchange rate,"ECB reference exchange rate, US dollar/Euro, 2.15 pm (C.E.T.)",USD,0
EXR.D.USD.EUR.SP00.A,D,USD,EUR,SP00,A,2017-06-05,1.1249,A,,,,P1D,,A,,,,,,,99Q1=100,,,4,,4F0,,US dollar/Euro ECB reference exchange rate,"ECB reference exchange rate, US dollar/Euro, 2.15 pm (C.E.T.)",USD,0
EXR.D.USD.EUR.SP00.A,D,USD,EUR,SP00,A,2017-06-06,1.1258,A,,,,P1D,,A,,,,,,,99Q1=100,,,4,,4F0,,US dollar/Euro ECB reference exchange rate,"ECB reference exchange rate, US dollar/Euro, 2.15 pm (C.E.T.)",USD,0
EXR.D.USD.EUR.SP00.A,D,USD,EUR,SP00,A,2017-06-07,1.1217,A,,,,P1D,,A,,,,,,,99Q1=100,,,4,,4F0,,US dollar/Euro ECB reference exchange rate,"ECB reference exchange rate, US dollar/Euro, 2.15 pm (C.E.T.)",USD,0
EXR.D.USD.EUR.SP00.A,D,USD,EUR,SP00,A,2017-06-08,1.1229,A,,,,P1D,,A,,,,,,,99Q1=100,,,4,,4F0,,US dollar/Euro ECB reference exchange rate,"ECB reference exchange rate, US dollar/Euro, 2.15 pm (C.E.T.)",USD,0
EXR.D.USD.EUR.SP00.A,D,USD,EUR,SP00,A,2017-06-09,1.1176,A,,,,P1D,,A,,,,,,,99Q1=100,,,4,,4F0,,US dollar/Euro ECB reference exchange rate,"ECB reference exchange rate, US dollar/Euro, 2.15 pm (C.E.T.)",USD,0
EXR.D.USD.EUR.SP00.A,D,USD,EUR,SP00,A,2017-06-12,1.1221,A,,,,P1D,,A,,,,,,,99Q1=100,,,4,,4F0,,US dollar/Euro ECB reference exchange rate,"ECB reference exchange rate, US dollar/Euro, 2.15 pm (C.E.T.)",USD,0
EXR.D.USD.EUR.SP00.A,D,USD,EUR,SP00,A,2017-06-13,1.1217,A,,,,P1D,,A,,,,,,,99Q1=100,,,4,,4F0,,US dollar/Euro ECB reference exchange rate,"ECB reference exchange rate, US dollar/Euro, 2.15 pm (C.E.T.)",USD,0
EXR.D.USD.EUR.SP00.A,D,USD,EUR,SP00,A,2017-06-14,1.1203,A,,,,P1D,,A,,,,,,,99Q1=100,,,4,,4F0,,US dollar/Euro ECB reference exchange rate,"ECB reference exchange rate, US dollar/Euro, 2.15 pm (C.E.T.)",USD,0
EXR.D.USD.EUR.SP00.A,D,USD,EUR,SP00,A,2017-06-15,1.1166,A,,,,P1D,,A,,,,,,,99Q1=100,,,4,,4F0,,US dollar/Euro ECB reference exchange rate,"ECB reference exchange rate, US dollar/Euro, 2.15 pm (C.E.T.)",USD,0
EXR.D.USD.EUR.SP00.A,D,USD,EUR,SP00,A,2017-06-16,1.1167,A,,,,P1D,,A,,,,,,,99Q1=100,,,4,,4F0,,US dollar/Euro ECB reference exchange rate,"ECB reference exchange rate, US dollar/Euro, 2.15 pm (C.E.T.)",USD,0
EXR.D.USD.EUR.SP00.A,D,USD,EUR,SP00,A,2017-06-19,1.1199,A,,,,P1D,,A,,,,,,,99Q1=100,,,4,,4F0,,US dollar/Euro ECB reference exchange rate,"ECB reference exchange rate, US dollar/Euro, 2.15 pm (C.E.T.)",USD,0
EXR.D.USD.EUR.SP00.A,D,USD,EUR,SP00,A,2017-06-20,1.1156,A,,,,P1D,,A,,,,,,,99Q1=100,,,4,,4F0,,US dollar/Euro ECB reference exchange rate,"ECB reference exchange rate, US dollar/Euro, 2.15 pm (C.E.T.)",USD,0
EXR.D.USD.EUR.SP00.A,D,USD,EUR,SP00,A,2017-06-21,1.1147,A,,,,P1D,,A,,,,,,,99Q1=100,,,4,,4F0,,US dollar/Euro ECB reference exchange rate,"ECB reference exchange rate, US dollar/Euro, 2.15 pm (C.E.T.)",USD,0
EXR.D.USD.EUR.SP00.A,D,USD,EUR,SP00,A,2017-06-22,1.1169,A,,,,P1D,,A,,,,,,,99Q1=100,,,4,,4F0,,US dollar/Euro ECB reference exchange rate,"ECB reference exchange rate, US dollar/Euro, 2.15 pm (C.E.T.)",USD,0
EXR.D.USD.EUR.SP00.A,D,USD,EUR,SP00,A,2017-06-23,1.1173,A,,,,P1D,,A,,,,,,,99Q1=100,,,4,,4F0,,US dollar/Euro ECB reference exchange rate,"ECB reference exchange rate, US dollar/Euro, 2.15 pm (C.E.T.)",USD,0
EXR.D.USD.EUR.SP00.A,D,USD,EUR,SP00,A,2017-06-26,1.1187,A,,,,P1D,,A,,,,,,,99Q1=100,,,4,,4F0,,US dollar/Euro ECB reference exchange rate,"ECB reference exchange rate, US dollar/Euro, 2.15 pm (C.E.T.)",USD,0
EXR.D.USD.EUR.SP00.A,D,USD,EUR,SP00,A,2017-06-27,1.1278,A,,,,P1D,,A,,,,,,,99Q1=100,,,4,,4F0,,US dollar/Euro ECB reference exchange rate,"ECB reference exchange rate, US dollar/Euro, 2.15 pm (C.E.T.)",USD,0
EXR.D.USD.EUR.SP00.A,D,USD,EUR,SP00,A,2017-06-28,1.1375,A,,,,P1D,,A,,,,,,,99Q1=100,,,4,,4F0,,US dollar/Euro ECB reference exchange rate,"ECB reference exchange rate, US dollar/Euro, 2.15 pm (C.E.T.)",USD,0
EXR.D.USD.EUR.SP00.A,D,USD,EUR,SP00,A,2017-06-29,1.1413,A,,,,P1D,,A,,,,,,,99Q1=100,,,4,,4F0,,US dollar/Euro ECB reference exchange rate,"ECB reference exchange rate, US dollar/Euro, 2.15 pm (C.E.T.)",USD,0
EXR.D.USD.EUR.SP00.A,D,USD,EUR,SP00,A,2017-06-30,1.1412,A,,,,P1D,,A,,,,,,,99Q1=100,,,4,,4F0,,US dollar/Euro ECB reference exchange rate,"ECB reference exchange rate, US dollar/Euro, 2.15 pm (C.E.T.)",USD,0
EXR.D.USD.EUR.SP00.A,D,USD,EUR,SP00,A,2017-07-03,1.1369,A,,,,P1D,,A,,,,,,,99Q1=100,,,4,,4F0,,US dollar/Euro ECB reference exchange rate,"ECB reference exchange rate, US dollar/Euro, 2.15 pm (C.E.T.)",USD,0
EXR.D.USD.EUR.SP00.A,D,USD,EUR,SP00,A,2017-07-04,1.1353,A,,,,P1D,,A,,,,,,,99Q1=100,,,4,,4F0,,US dollar/Euro ECB reference exchange rate,"ECB reference exchange rate, US dollar/Euro, 2.15 pm (C.E.T.)",USD,0
EXR.D.USD.EUR.SP00.A,D,USD,EUR,SP00,A,2017-07-05,1.1329,A,,,,P1D,,A,,,,,,,99Q1=100,,,4,,4F0,,US dollar/Euro ECB reference exchange rate,"ECB reference exchange rate, US dollar/Euro, 2.15 pm (C.E.T.)",USD,0
EXR.D.USD.EUR.SP00.A,D,USD,EUR,SP00,A,2017-07-06,1.1385,A,,,,P1D,,A,,,,,,,99Q1=100,,,4,,4F0,,US dollar/Euro ECB reference exchange rate,"ECB reference exchange rate, US dollar/Euro, 2.15 pm (C.E.T.)",USD,0
EXR.D.USD.EUR.SP00.A,D,USD,EUR,SP00,A,2017-07-07,1.1412,A,,,,P1D,,A,,,,,,,99Q1=100,,,4,,4F0,,US dollar/Euro ECB reference exchange rate,"ECB reference exchange rate, US dollar/Euro, 2.15 pm (C.E.T.)",USD,0
EXR.D.USD.EUR.SP00.A,D,USD,EUR,SP00,A,2017-07-10,1.1387,A,,,,P1D,,A,,,,,,,99Q1=100,,,4,,4F0,,US dollar/Euro ECB reference exchange rate,"ECB reference exchange rate, US dollar/Euro, 2.15 pm (C.E.T.)",USD,0
EXR.D.USD.EUR.SP00.A,D,USD,EUR,SP00,A,2017-07-11,1.1405,A,,,,P1D,,A,,,,,,,99Q1=100,,,4,,4F0,,US dollar/Euro ECB reference exchange rate,"ECB reference exchange rate, US dollar/Euro, 2.15 pm (C.E.T.)",USD,0
EXR.D.USD.EUR.SP00.A,D,USD,EUR,SP00,A,2017-07-12,1.1449,A,,,,P1D,,A,,,,,,,99Q1=100,,,4,,4F0,,US dollar/Euro ECB reference exchange rate,"ECB reference exchange rate, US dollar/Euro, 2.15 pm (C.E.T.)",USD,0
EXR.D.USD.EUR.SP00.A,D,USD,EUR,SP00,A,2017-07-13,1.1417,A,,,,P1D,,A,,,,,,,99Q1=100,,,4,,4F0,,US dollar/Euro ECB reference exchange rate,"ECB reference exchange rate, US dollar/Euro, 2.15 pm (C.E.T.)",USD,0
EXR.D.USD.EUR.SP00.A,D,USD,EUR,SP00,A,2017-07-14,1.1415,A,,,,P1D,,A,,,,,,,99Q1=100,,,4,,4F0,,US dollar/Euro ECB reference exchange rate,"ECB reference exchange rate, US dollar/Euro, 2.15 pm (C.E.T.)",USD,0
EXR.D.USD.EUR.SP00.A,D,USD,EUR,SP00,A,2017-07-17,1.1462,A,,,,P1D,,A,,,,,,,99Q1=100,,,4,,4F0,,US dollar/Euro ECB reference exchange rate,"ECB reference exchange rate, US dollar/Euro, 2.15 pm (C.E.T.)",USD,0
EXR.D.USD.EUR.SP00.A,D,USD,EUR,SP00,A,2017-07-18,1.1555,A,,,,P1D,,A,,,,,,,99Q1=100,,,4,,4F0,,US dollar/Euro ECB reference exchange rate,"ECB reference exchange rate, US dollar/Euro, 2.15 pm (C.E.T.)",USD,0
EXR.D.USD.EUR.SP00.A,D,USD,EUR,SP00,A,2017-07-19,1.1533,A,,,,P1D,,A,,,,,,,99Q1=100,,,4,,4F0,,US dollar/Euro ECB reference exchange rate,"ECB reference exchange rate, US dollar/Euro, 2.15 pm (C.E.T.)",USD,0
EXR.D.USD.EUR.SP00.A,D,USD,EUR,SP00,A,2017-07-20,1.1485,A,,,,P1D,,A,,,,,,,99Q1=100,,,4,,4F0,,US dollar/Euro ECB reference exchange rate,"ECB reference exchange rate, US dollar/Euro, 2.15 pm (C.E.T.)",USD,0
EXR.D.USD.EUR.SP00.A,D,USD,EUR,SP00,A,2017-07-21,1.1642,A,,,,P1D,,A,,,,,,,99Q1=100,,,4,,4F0,,US dollar/Euro ECB reference exchange rate,"ECB reference exchange rate, US dollar/Euro, 2.15 pm (C.E.T.)",USD,0
EXR.D.USD.EUR.SP00.A,D,USD,EUR,SP00,A,2017-07-24,1.1648,A,,,,P1D,,A,,,,,,,99Q1=100,,,4,,4F0,,US dollar/Euro ECB reference exchange rate,"ECB reference exchange rate, US dollar/Euro, 2.15 pm (C.E.T.)",USD,0
EXR.D.USD.EUR.SP00.A,D,USD,EUR,SP00,A,2017-07-25,1.1694,A,,,,P1D,,A,,,,,,,99Q1=100,,,4,,4F0,,US dollar/Euro ECB reference exchange rate,"ECB reference exchange rate, US dollar/Euro, 2.15 pm (C.E.T.)",USD,0
EXR.D.USD.EUR.SP00.A,D,USD,EUR,SP00,A,2017-07-26,1.1644,A,,,,P1D,,A,,,,,,,99Q1=100,,,4,,4F0,,US dollar/Euro ECB reference exchange rate,"ECB reference exchange rate, US dollar/Euro, 2.15 pm (C.E.T.)",USD,0
EXR.D.USD.EUR.SP00.A,D,USD,EUR,SP00,A,2017-07-27,1.1694,A,,,,P1D,,A,,,,,,,99Q1=100,,,4,,4F0,,US dollar/Euro ECB reference exchange rate,"ECB reference exchange rate, US dollar/Euro, 2.15 pm (C.E.T.)",USD,0
EXR.D.USD.EUR.SP00.A,D,USD,EUR,SP00,A,2017-07-28,1.1729,A,,,,P1D,,A,,,,,,,99Q1=100,,,4,,4F0,,US dollar/Euro ECB reference exchange rate,"ECB reference exchange rate, US dollar/Euro, 2.15 pm (C.E.T.)",USD,0
EXR.D.USD.EUR.SP00.A,D,USD,EUR,SP00,A,2017-07-31,1.1727,A,,,,P1D,,A,,,,,,,99Q1=100,,,4,,4F0,,US dollar/Euro ECB reference exchange rate,"ECB reference exchange rate, US dollar/Euro, 2.15 pm (C.E.T.)",USD,0
EXR.D.USD.EUR.SP00.A,D,USD,EUR,SP00,A,2017-08-01,1.1812,A,,,,P1D,,A,,,,,,,99Q1=100,,,4,,4F0,,US dollar/Euro ECB reference exchange rate,"ECB reference exchange rate, US dollar/Euro, 2.15 pm (C.E.T.)",USD,0
EXR.D.USD.EUR.SP00.A,D,USD,EUR,SP00,A,2017-08-02,1.1829,A,,,,P1D,,A,,,,,,,99Q1=100,,,4,,4F0,,US dollar/Euro ECB reference exchange rate,"ECB reference exchange rate, US dollar/Euro, 2.15 pm (C.E.T.)",USD,0
EXR.D.USD.EUR.SP00.A,D,USD,EUR,SP00,A,2017-08-03,1.186,A,,,,P1D,,A,,,,,,,99Q1=100,,,4,,4F0,,US dollar/Euro ECB reference exchange rate,"ECB reference exchange rate, US dollar/Euro, 2.15 pm (C.E.T.)",USD,0
EXR.D.USD.EUR.SP00.A,D,USD,EUR,SP00,A,2017-08-04,1.1868,A,,,,P1D,,A,,,,,,,99Q1=100,,,4,,4F0,,US dollar/Euro ECB reference exchange rate,"ECB reference exchange rate, US dollar/Euro, 2.15 pm (C.E.T.)",USD,0
EXR.D.USD.EUR.SP00.A,D,USD,EUR,SP00,A,2017-08-07,1.1797,A,,,,P1D,,A,,,,,,,99Q1=100,,,4,,4F0,,US dollar/Euro ECB reference exchange rate,"ECB reference exchange rate, US dollar/Euro, 2.15 pm (C.E.T.)",USD,0
EXR.D.USD.EUR.SP00.A,D,USD,EUR,SP00,A,2017-08-08,1.1814,A,,,,P1D,,A,,,,,,,99Q1=100,,,4,,4F0,,US dollar/Euro ECB reference exchange rate,"ECB reference exchange rate, US dollar/Euro, 2.15 pm (C.E.T.)",USD,0
EXR.D.USD.EUR.SP00.A,D,USD,EUR,SP00,A,2017-08-09,1.1731,A,,,,P1D,,A,,,,,,,99Q1=100,,,4,,4F0,,US dollar/Euro ECB reference exchange rate,"ECB reference exchange rate, US dollar/Euro, 2.15 pm (C.E.T.)",USD,0
EXR.D.USD.EUR.SP00.A,D,USD,EUR,SP00,A,2017-08-10,1.1732,A,,,,P1D,,A,,,,,,,99Q1=100,,,4,,4F0,,US dollar/Euro ECB reference exchange rate,"ECB reference exchange rate, US dollar/Euro, 2.15 pm (C.E.T.)",USD,0
EXR.D.USD.EUR.SP00.A,D,USD,EUR,SP00,A,2017-08-11,1.1765,A,,,,P1D,,A,,,,,,,99Q1=100,,,4,,4F0,,US dollar/Euro ECB reference exchange rate,"ECB reference exchange rate, US dollar/Euro, 2.15 pm (C.E.T.)",USD,0
EXR.D.USD.EUR.SP00.A,D,USD,EUR,SP00,A,2017-08-14,1.1797,A,,,,P1D,,A,,,,,,,99Q1=100,,,4,,4F0,,US dollar/Euro ECB reference exchange rate,"ECB reference exchange rate, US dollar/Euro, 2.15 pm (C.E.T.)",USD,0
EXR.D.USD.EUR.SP00.A,D,USD,EUR,SP00,A,2017-08-15,1.1744,A,,,,P1D,,A,,,,,,,99Q1=100,,,4,,4F0,,US dollar/Euro ECB reference exchange rate,"ECB reference exchange rate, US dollar/Euro, 2.15 pm (C.E.T.)",USD,0
EXR.D.USD.EUR.SP00.A,D,USD,EUR,SP00,A,2017-08-16,1.171,A,,,,P1D,,A,,,,,,,99Q1=100,,,4,,4F0,,US dollar/Euro ECB reference exchange rate,"ECB reference exchange rate, US dollar/Euro, 2.15 pm (C.E.T.)",USD,0
EXR.D.USD.EUR.SP00.A,D,USD,EUR,SP00,A,2017-08-17,1.1697,A,,,,P1D,,A,,,,,,,99Q1=100,,,4,,4F0,,US dollar/Euro ECB reference exchange rate,"ECB reference exchange rate, US dollar/Euro, 2.15 pm (C.E.T.)",USD,0
EXR.D.USD.EUR.SP00.A,D,USD,EUR,SP00,A,2017-08-18,1.174,A,,,,P1D,,A,,,,,,,99Q1=100,,,4,,4F0,,US dollar/Euro ECB reference exchange rate,"ECB reference exchange rate, US dollar/Euro, 2.15 pm (C.E.T.)",USD,0
EXR.D.USD.EUR.SP00.A,D,USD,EUR,SP00,A,2017-08-21,1.1761,A,,,,P1D,,A,,,,,,,99Q1=100,,,4,,4F0,,US dollar/Euro ECB reference exchange rate,"ECB reference exchange rate, US dollar/Euro, 2.15 pm (C.E.T.)",USD,0
EXR.D.USD.EUR.SP00.A,D,USD,EUR,SP00,A,2017-08-22,1.1771,A,,,,P1D,,A,,,,,,,99Q1=100,,,4,,4F0,,US dollar/Euro ECB reference exchange rate,"ECB reference exchange rate, US dollar/Euro, 2.15 pm (C.E.T.)",USD,0
EXR.D.USD.EUR.SP00.A,D,USD,EUR,SP00,A,2017-08-23,1.1799,A,,,,P1D,,A,,,,,,,99Q1=100,,,4,,4F0,,US dollar/Euro ECB reference exchange rate,"ECB reference exchange rate, US dollar/Euro, 2.15 pm (C.E.T.)",USD,0
EXR.D.USD.EUR.SP00.A,D,USD,EUR,SP00,A,2017-08-24,1.1806,A,,,,P1D,,A,,,,,,,99Q1=100,,,4,,4F0,,US dollar/Euro ECB reference exchange rate,"ECB reference exchange rate, US dollar/Euro, 2.15 pm (C.E.T.)",USD,0
EXR.D.USD.EUR.SP00.A,D,USD,EUR,SP00,A,2017-08-25,1.1808,A,,,,P1D,,A,,,,,,,99Q1=100,,,4,,4F0,,US dollar/Euro ECB reference exchange rate,"ECB reference exchange rate, US dollar/Euro, 2.15 pm (C.E.T.)",USD,0
EXR.D.USD.EUR.SP00.A,D,USD,EUR,SP00,A,2017-08-28,1.1925,A,,,,P1D,,A,,,,,,,99Q1=100,,,4,,4F0,,US dollar/Euro ECB reference exchange rate,"ECB reference exchange rate, US dollar/Euro, 2.15 pm (C.E.T.)",USD,0
EXR.D.USD.EUR.SP00.A,D,USD,EUR,SP00,A,2017-08-29,1.2048,A,,,,P1D,,A,,,,,,,99Q1=100,,,4,,4F0,,US dollar/Euro ECB reference exchange rate,"ECB reference exchange rate, US dollar/Euro, 2.15 pm (C.E.T.)",USD,0
EXR.D.USD.EUR.SP00.A,D,USD,EUR,SP00,A,2017-08-30,1.1916,A,,,,P1D,,A,,,,,,,99Q1=100,,,4,,4F0,,US dollar/Euro ECB reference exchange rate,"ECB reference exchange rate, US dollar/Euro, 2.15 pm (C.E.T.)",USD,0
EXR.D.USD.EUR.SP00.A,D,USD,EUR,SP00,A,2017-08-31,1.1825,A,,,,P1D,,A,,,,,,,99Q1=100,,,4,,4F0,,US dollar/Euro ECB reference exchange rate,"ECB reference exchange rate, US dollar/Euro, 2.15 pm (C.E.T.)",USD,0
EXR.D.USD.EUR.SP00.A,D,USD,EUR,SP00,A,2017-09-01,1.192,A,,,,P1D,,A,,,,,,,99Q1=100,,,4,,4F0,,US dollar/Euro ECB reference exchange rate,"ECB reference exchange rate, US dollar/Euro, 2.15 pm (C.E.T.)",USD,0
EXR.D.USD.EUR.SP00.A,D,USD,EUR,SP00,A,2017-09-04,1.1905,A,,,,P1D,,A,,,,,,,99Q1=100,,,4,,4F0,,US dollar/Euro ECB reference exchange rate,"ECB reference exchange rate, US dollar/Euro, 2.15 pm (C.E.T.)",USD,0
EXR.D.USD.EUR.SP00.A,D,USD,EUR,SP00,A,2017-09-05,1.189,A,,,,P1D,,A,,,,,,,99Q1=100,,,4,,4F0,,US dollar/Euro ECB reference exchange rate,"ECB reference exchange rate, US dollar/Euro, 2.15 pm (C.E.T.)",USD,0
EXR.D.USD.EUR.SP00.A,D,USD,EUR,SP00,A,2017-09-06,1.1931,A,,,,P1D,,A,,,,,,,99Q1=100,,,4,,4F0,,US dollar/Euro ECB reference exchange rate,"ECB reference exchange rate, US dollar/Euro, 2.15 pm (C.E.T.)",USD,0
EXR.D.USD.EUR.SP00.A,D,USD,EUR,SP00,A,2017-09-07,1.1971,A,,,,P1D,,A,,,,,,,99Q1=100,,,4,,4F0,,US dollar/Euro ECB reference exchange rate,"ECB reference exchange rate, US dollar/Euro, 2.15 pm (C.E.T.)",USD,0
EXR.D.USD.EUR.SP00.A,D,USD,EUR,SP00,A,2017-09-08,1.206,A,,,,P1D,,A,,,,,,,99Q1=100,,,4,,4F0,,US dollar/Euro ECB reference exchange rate,"ECB reference exchange rate, US dollar/Euro, 2.15 pm (C.E.T.)",USD,0
EXR.D.USD.EUR.SP00.A,D,USD,EUR,SP00,A,2017-09-11,1.1997,A,,,,P1D,,A,,,,,,,99Q1=100,,,4,,4F0,,US dollar/Euro ECB reference exchange rate,"ECB reference exchange rate, US dollar/Euro, 2.15 pm (C.E.T.)",USD,0
EXR.D.USD.EUR.SP00.A,D,USD,EUR,SP00,A,2017-09-12,1.1933,A,,,,P1D,,A,,,,,,,99Q1=100,,,4,,4F0,,US dollar/Euro ECB reference exchange rate,"ECB reference exchange rate, US dollar/Euro, 2.15 pm (C.E.T.)",USD,0
EXR.D.USD.EUR.SP00.A,D,USD,EUR,SP00,A,2017-09-13,1.1979,A,,,,P1D,,A,,,,,,,99Q1=100,,,4,,4F0,,US dollar/Euro ECB reference exchange rate,"ECB reference exchange rate, US dollar/Euro, 2.15 pm (C.E.T.)",USD,0
EXR.D.USD.EUR.SP00.A,D,USD,EUR,SP00,A,2017-09-14,1.1885,A,,,,P1D,,A,,,,,,,99Q1=100,,,4,,4F0,,US dollar/Euro ECB reference exchange rate,"ECB reference exchange rate, US dollar/Euro, 2.15 pm (C.E.T.)",USD,0
EXR.D.USD.EUR.SP00.A,D,USD,EUR,SP00,A,2017-09-15,1.1963,A,,,,P1D,,A,,,,,,,99Q1=100,,,4,,4F0,,US dollar/Euro ECB reference exchange rate,"ECB reference exchange rate, US dollar/Euro, 2.15 pm (C.E.T.)",USD,0
EXR.D.USD.EUR.SP00.A,D,USD,EUR,SP00,A,2017-09-18,1.1948,A,,,,P1D,,A,,,,,,,99Q1=100,,,4,,4F0,,US dollar/Euro ECB reference exchange rate,"ECB reference exchange rate, US dollar/Euro, 2.15 pm (C.E.T.)",USD,0
EXR.D.USD.EUR.SP00.A,D,USD,EUR,SP00,A,2017-09-19,1.1972,A,,,,P1D,,A,,,,,,,99Q1=100,,,4,,4F0,,US dollar/Euro ECB reference exchange rate,"ECB reference exchange rate, US dollar/Euro, 2.15 pm (C.E.T.)",USD,0
EXR.D.USD.EUR.SP00.A,D,USD,EUR,SP00,A,2017-09-20,1.2007,A,,,,P1D,,A,,,,,,,99Q1=100,,,4,,4F0,,US dollar/Euro ECB reference exchange rate,"ECB reference exchange rate, US dollar/Euro, 2.15 pm (C.E.T.)",USD,0
EXR.D.USD.EUR.SP00.A,D,USD,EUR,SP00,A,2017-09-21,1.1905,A,,,,P1D,,A,,,,,,,99Q1=100,,,4,,4F0,,US dollar/Euro ECB reference exchange rate,"ECB reference exchange rate, US dollar/Euro, 2.15 pm (C.E.T.)",USD,0
EXR.D.USD.EUR.SP00.A,D,USD,EUR,SP00,A,2017-09-22,1.1961,A,,,,P1D,,A,,,,,,,99Q1=100,,,4,,4F0,,US dollar/Euro ECB reference exchange rate,"ECB reference exchange rate, US dollar/Euro, 2.15 pm (C.E.T.)",USD,0
EXR.D.USD.EUR.SP00.A,D,USD,EUR,SP00,A,2017-09-25,1.1867,A,,,,P1D,,A,,,,,,,99Q1=100,,,4,,4F0,,US dollar/Euro ECB reference exchange rate,"ECB reference exchange rate, US dollar/Euro, 2.15 pm (C.E.T.)",USD,0
EXR.D.USD.EUR.SP00.A,D,USD,EUR,SP00,A,2017-09-26,1.1787,A,,,,P1D,,A,,,,,,,99Q1=100,,,4,,4F0,,US dollar/Euro ECB reference exchange rate,"ECB reference exchange rate, US dollar/Euro, 2.15 pm (C.E.T.)",USD,0
EXR.D.USD.EUR.SP00.A,D,USD,EUR,SP00,A,2017-09-27,1.1741,A,,,,P1D,,A,,,,,,,99Q1=100,,,4,,4F0,,US dollar/Euro ECB reference exchange rate,"ECB reference exchange rate, US dollar/Euro, 2.15 pm (C.E.T.)",USD,0
EXR.D.USD.EUR.SP00.A,D,USD,EUR,SP00,A,2017-09-28,1.1778,A,,,,P1D,,A,,,,,,,99Q1=100,,,4,,4F0,,US dollar/Euro ECB reference exchange rate,"ECB reference exchange rate, US dollar/Euro, 2.15 pm (C.E.T.)",USD,0
EXR.D.USD.EUR.SP00.A,D,USD,EUR,SP00,A,2017-09-29,1.1806,A,,,,P1D,,A,,,,,,,99Q1=100,,,4,,4F0,,US dollar/Euro ECB reference exchange rate,"ECB reference exchange rate, US dollar/Euro, 2.15 pm (C.E.T.)",USD,0
EXR.D.USD.EUR.SP00.A,D,USD,EUR,SP00,A,2017-10-02,1.1744,A,,,,P1D,,A,,,,,,,99Q1=100,,,4,,4F0,,US dollar/Euro ECB reference exchange rate,"ECB reference exchange rate, US dollar/Euro, 2.15 pm (C.E.T.)",USD,0
EXR.D.USD.EUR.SP00.A,D,USD,EUR,SP00,A,2017-10-03,1.1753,A,,,,P1D,,A,,,,,,,99Q1=100,,,4,,4F0,,US dollar/Euro ECB reference exchange rate,"ECB reference exchange rate, US dollar/Euro, 2.15 pm (C.E.T.)",USD,0
EXR.D.USD.EUR.SP00.A,D,USD,EUR,SP00,A,2017-10-04,1.1787,A,,,,P1D,,A,,,,,,,99Q1=100,,,4,,4F0,,US dollar/Euro ECB reference exchange rate,"ECB reference exchange rate, US dollar/Euro, 2.15 pm (C.E.T.)",USD,0
EXR.D.USD.EUR.SP00.A,D,USD,EUR,SP00,A,2017-10-05,1.1742,A,,,,P1D,,A,,,,,,,99Q1=100,,,4,,4F0,,US dollar/Euro ECB reference exchange rate,"ECB reference exchange rate, US dollar/Euro, 2.15 pm (C.E.T.)",USD,0
EXR.D.USD.EUR.SP00.A,D,USD,EUR,SP00,A,2017-10-06,1.1707,A,,,,P1D,,A,,,,,,,99Q1=100,,,4,,4F0,,US dollar/Euro ECB reference exchange rate,"ECB reference exchange rate, US dollar/Euro, 2.15 pm (C.E.T.)",USD,0
EXR.D.USD.EUR.SP00.A,D,USD,EUR,SP00,A,2017-10-09,1.1746,A,,,,P1D,,A,,,,,,,99Q1=100,,,4,,4F0,,US dollar/Euro ECB reference exchange rate,"ECB reference exchange rate, US dollar/Euro, 2.15 pm (C.E.T.)",USD,0
EXR.D.USD.EUR.SP00.A,D,USD,EUR,SP00,A,2017-10-10,1.1797,A,,,,P1D,,A,,,,,,,99Q1=100,,,4,,4F0,,US dollar/Euro ECB reference exchange rate,"ECB reference exchange rate, US dollar/Euro, 2.15 pm (C.E.T.)",USD,0
EXR.D.USD.EUR.SP00.A,D,USD,EUR,SP00,A,2017-10-11,1.183,A,,,,P1D,,A,,,,,,,99Q1=100,,,4,,4F0,,US dollar/Euro ECB reference exchange rate,"ECB reference exchange rate, US dollar/Euro, 2.15 pm (C.E.T.)",USD,0
EXR.D.USD.EUR.SP00.A,D,USD,EUR,SP00,A,2017-10-12,1.1856,A,,,,P1D,,A,,,,,,,99Q1=100,,,4,,4F0,,US dollar/Euro ECB reference exchange rate,"ECB reference exchange rate, US dollar/Euro, 2.15 pm (C.E.T.)",USD,0
EXR.D.USD.EUR.SP00.A,D,USD,EUR,SP00,A,2017-10-13,1.181,A,,,,P1D,,A,,,,,,,99Q1=100,,,4,,4F0,,US dollar/Euro ECB reference exchange rate,"ECB reference exchange rate, US dollar/Euro, 2.15 pm (C.E.T.)",USD,0
EXR.D.USD.EUR.SP00.A,D,USD,EUR,SP00,A,2017-10-16,1.1803,A,,,,P1D,,A,,,,,,,99Q1=100,,,4,,4F0,,US dollar/Euro ECB reference exchange rate,"ECB reference exchange rate, US dollar/Euro, 2.15 pm (C.E.T.)",USD,0
EXR.D.USD.EUR.SP00.A,D,USD,EUR,SP00,A,2017-10-17,1.1759,A,,,,P1D,,A,,,,,,,99Q1=100,,,4,,4F0,,US dollar/Euro ECB reference exchange rate,"ECB reference exchange rate, US dollar/Euro, 2.15 pm (C.E.T.)",USD,0
EXR.D.USD.EUR.SP00.A,D,USD,EUR,SP00,A,2017-10-18,1.1749,A,,,,P1D,,A,,,,,,,99Q1=100,,,4,,4F0,,US dollar/Euro ECB reference exchange rate,"ECB reference exchange rate, US dollar/Euro, 2.15 pm (C.E.T.)",USD,0
EXR.D.USD.EUR.SP00.A,D,USD,EUR,SP00,A,2017-10-19,1.1834,A,,,,P1D,,A,,,,,,,99Q1=100,,,4,,4F0,,US dollar/Euro ECB reference exchange rate,"ECB reference exchange rate, US dollar/Euro, 2.15 pm (C.E.T.)",USD,0
EXR.D.USD.EUR.SP00.A,D,USD,EUR,SP00,A,2017-10-20,1.1818,A,,,,P1D,,A,,,,,,,99Q1=100,,,4,,4F0,,US dollar/Euro ECB reference exchange rate,"ECB reference exchange rate, US dollar/Euro, 2.15 pm (C.E.T.)",USD,0
EXR.D.USD.EUR.SP00.A,D,USD,EUR,SP00,A,2017-10-23,1.174,A,,,,P1D,,A,,,,,,,99Q1=100,,,4,,4F0,,US dollar/Euro ECB reference exchange rate,"ECB reference exchange rate, US dollar/Euro, 2.15 pm (C.E.T.)",USD,0
EXR.D.USD.EUR.SP00.A,D,USD,EUR,SP00,A,2017-10-24,1.1761,A,,,,P1D,,A,,,,,,,99Q1=100,,,4,,4F0,,US dollar/Euro ECB reference exchange rate,"ECB reference exchange rate, US dollar/Euro, 2.15 pm (C.E.T.)",USD,0
EXR.D.USD.EUR.SP00.A,D,USD,EUR,SP00,A,2017-10-25,1.1785,A,F,,,P1D,,A,,,,,,,99Q1=100,,,4,,4F0,,US dollar/Euro ECB reference exchange rate,"ECB reference exchange rate, US dollar/Euro, 2.15 pm (C.E.T.)",USD,0
EXR.D.USD.EUR.SP00.A,D,USD,EUR,SP00,A,2017-10-26,1.1753,A,F,,,P1D,,A,,,,,,,99Q1=100,,,4,,4F0,,US dollar/Euro ECB reference exchange rate,"ECB reference exchange rate, US dollar/Euro, 2.15 pm (C.E.T.)",USD,0
EXR.D.USD.EUR.SP00.A,D,USD,EUR,SP00,A,2017-10-27,1.1605,A,F,,,P1D,,A,,,,,,,99Q1=100,,,4,,4F0,,US dollar/Euro ECB reference exchange rate,"ECB reference exchange rate, US dollar/Euro, 2.15 pm (C.E.T.)",USD,0
EXR.D.USD.EUR.SP00.A,D,USD,EUR,SP00,A,2017-10-30,1.1612,A,F,,,P1D,,A,,,,,,,99Q1=100,,,4,,4F0,,US dollar/Euro ECB reference exchange rate,"ECB reference exchange rate, US dollar/Euro, 2.15 pm (C.E.T.)",USD,0
EXR.D.USD.EUR.SP00.A,D,USD,EUR,SP00,A,2017-10-31,1.1638,A,F,,,P1D,,A,,,,,,,99Q1=100,,,4,,4F0,,US dollar/Euro ECB reference exchange rate,"ECB reference exchange rate, US dollar/Euro, 2.15 pm (C.E.T.)",USD,0
EXR.D.USD.EUR.SP00.A,D,USD,EUR,SP00,A,2017-11-01,1.1612,A,F,,,P1D,,A,,,,,,,99Q1=100,,,4,,4F0,,US dollar/Euro ECB reference exchange rate,"ECB reference exchange rate, US dollar/Euro, 2.15 pm (C.E.T.)",USD,0
EXR.D.USD.EUR.SP00.A,D,USD,EUR,SP00,A,2017-11-02,1.1645,A,F,,,P1D,,A,,,,,,,99Q1=100,,,4,,4F0,,US dollar/Euro ECB reference exchange rate,"ECB reference exchange rate, US dollar/Euro, 2.15 pm (C.E.T.)",USD,0
EXR.D.USD.EUR.SP00.A,D,USD,EUR,SP00,A,2017-11-03,1.1657,A,F,,,P1D,,A,,,,,,,99Q1=100,,,4,,4F0,,US dollar/Euro ECB reference exchange rate,"ECB reference exchange rate, US dollar/Euro, 2.15 pm (C.E.T.)",USD,0
EXR.D.USD.EUR.SP00.A,D,USD,EUR,SP00,A,2017-11-06,1.159,A,F,,,P1D,,A,,,,,,,99Q1=100,,,4,,4F0,,US dollar/Euro ECB reference exchange rate,"ECB reference exchange rate, US dollar/Euro, 2.15 pm (C.E.T.)",USD,0
EXR.D.USD.EUR.SP00.A,D,USD,EUR,SP00,A,2017-11-07,1.1562,A,F,,,P1D,,A,,,,,,,99Q1=100,,,4,,4F0,,US dollar/Euro ECB reference exchange rate,"ECB reference exchange rate, US dollar/Euro, 2.15 pm (C.E.T.)",USD,0
EXR.D.USD.EUR.SP00.A,D,USD,EUR,SP00,A,2017-11-08,1.159,A,F,,,P1D,,A,,,,,,,99Q1=100,,,4,,4F0,,US dollar/Euro ECB reference exchange rate,"ECB reference exchange rate, US dollar/Euro, 2.15 pm (C.E.T.)",USD,0
EXR.D.USD.EUR.SP00.A,D,USD,EUR,SP00,A,2017-11-09,1.163,A,F,,,P1D,,A,,,,,,,99Q1=100,,,4,,4F0,,US dollar/Euro ECB reference exchange rate,"ECB reference exchange rate, US dollar/Euro, 2.15 pm (C.E.T.)",USD,0
EXR.D.USD.EUR.SP00.A,D,USD,EUR,SP00,A,2017-11-10,1.1654,A,F,,,P1D,,A,,,,,,,99Q1=100,,,4,,4F0,,US dollar/Euro ECB reference exchange rate,"ECB reference exchange rate, US dollar/Euro, 2.15 pm (C.E.T.)",USD,0
EXR.D.USD.EUR.SP00.A,D,USD,EUR,SP00,A,2017-11-13,1.1656,A,F,,,P1D,,A,,,,,,,99Q1=100,,,4,,4F0,,US dollar/Euro ECB reference exchange rate,"ECB reference exchange rate, US dollar/Euro, 2.15 pm (C.E.T.)",USD,0
EXR.D.USD.EUR.SP00.A,D,USD,EUR,SP00,A,2017-11-14,1.1745,A,F,,,P1D,,A,,,,,,,99Q1=100,,,4,,4F0,,US dollar/Euro ECB reference exchange rate,"ECB reference exchange rate, US dollar/Euro, 2.15 pm (C.E.T.)",USD,0
EXR.D.USD.EUR.SP00.A,D,USD,EUR,SP00,A,2017-11-15,1.184,A,F,,,P1D,,A,,,,,,,99Q1=100,,,4,,4F0,,US dollar/Euro ECB reference exchange rate,"ECB reference exchange rate, US dollar/Euro, 2.15 pm (C.E.T.)",USD,0
EXR.D.USD.EUR.SP00.A,D,USD,EUR,SP00,A,2017-11-16,1.1771,A,F,,,P1D,,A,,,,,,,99Q1=100,,,4,,4F0,,US dollar/Euro ECB reference exchange rate,"ECB reference exchange rate, US dollar/Euro, 2.15 pm (C.E.T.)",USD,0
EXR.D.USD.EUR.SP00.A,D,USD,EUR,SP00,A,2017-11-17,1.1795,A,F,,,P1D,,A,,,,,,,99Q1=100,,,4,,4F0,,US dollar/Euro ECB reference exchange rate,"ECB reference exchange rate, US dollar/Euro, 2.15 pm (C.E.T.)",USD,0
EXR.D.USD.EUR.SP00.A,D,USD,EUR,SP00,A,2017-11-20,1.1781,A,F,,,P1D,,A,,,,,,,99Q1=100,,,4,,4F0,,US dollar/Euro ECB reference exchange rate,"ECB reference exchange rate, US dollar/Euro, 2.15 pm (C.E.T.)",USD,0
EXR.D.USD.EUR.SP00.A,D,USD,EUR,SP00,A,2017-11-21,1.1718,A,F,,,P1D,,A,,,,,,,99Q1=100,,,4,,4F0,,US dollar/Euro ECB reference exchange rate,"ECB reference exchange rate, US dollar/Euro, 2.15 pm (C.E.T.)",USD,0
EXR.D.USD.EUR.SP00.A,D,USD,EUR,SP00,A,2017-11-22,1.1749,A,F,,,P1D,,A,,,,,,,99Q1=100,,,4,,4F0,,US dollar/Euro ECB reference exchange rate,"ECB reference exchange rate, US dollar/Euro, 2.15 pm (C.E.T.)",USD,0
EXR.D.USD.EUR.SP00.A,D,USD,EUR,SP00,A,2017-11-23,1.1848,A,F,,,P1D,,A,,,,,,,99Q1=100,,,4,,4F0,,US dollar/Euro ECB reference exchange rate,"ECB reference exchange rate, US dollar/Euro, 2.15 pm (C.E.T.)",USD,0
EXR.D.USD.EUR.SP00.A,D,USD,EUR,SP00,A,2017-11-24,1.1877,A,F,,,P1D,,A,,,,,,,99Q1=100,,,4,,4F0,,US dollar/Euro ECB reference exchange rate,"ECB reference exchange rate, US dollar/Euro, 2.15 pm (C.E.T.)",USD,0
EXR.D.USD.EUR.SP00.A,D,USD,EUR,SP00,A,2017-11-27,1.1952,A,F,,,P1D,,A,,,,,,,99Q1=100,,,4,,4F0,,US dollar/Euro ECB reference exchange rate,"ECB reference exchange rate, US dollar/Euro, 2.15 pm (C.E.T.)",USD,0
EXR.D.USD.EUR.SP00.A,D,USD,EUR,SP00,A,2017-11-28,1.1888,A,F,,,P1D,,A,,,,,,,99Q1=100,,,4,,4F0,,US dollar/Euro ECB reference exchange rate,"ECB reference exchange rate, US dollar/Euro, 2.15 pm (C.E.T.)",USD,0
EXR.D.USD.EUR.SP00.A,D,USD,EUR,SP00,A,2017-11-29,1.1827,A,F,,,P1D,,A,,,,,,,99Q1=100,,,4,,4F0,,US dollar/Euro ECB reference exchange rate,"ECB reference exchange rate, US dollar/Euro, 2.15 pm (C.E.T.)",USD,0
EXR.D.USD.EUR.SP00.A,D,USD,EUR,SP00,A,2017-11-30,1.1849,A,F,,,P1D,,A,,,,,,,99Q1=100,,,4,,4F0,,US dollar/Euro ECB reference exchange rate,"ECB reference exchange rate, US dollar/Euro, 2.15 pm (C.E.T.)",USD,0
EXR.D.USD.EUR.SP00.A,D,USD,EUR,SP00,A,2017-12-01,1.1885,A,F,,,P1D,,A,,,,,,,99Q1=100,,,4,,4F0,,US dollar/Euro ECB reference exchange rate,"ECB reference exchange rate, US dollar/Euro, 2.15 pm (C.E.T.)",USD,0
EXR.D.USD.EUR.SP00.A,D,USD,EUR,SP00,A,2017-12-04,1.1865,A,F,,,P1D,,A,,,,,,,99Q1=100,,,4,,4F0,,US dollar/Euro ECB reference exchange rate,"ECB reference exchange rate, US dollar/Euro, 2.15 pm (C.E.T.)",USD,0
EXR.D.USD.EUR.SP00.A,D,USD,EUR,SP00,A,2017-12-05,1.1847,A,F,,,P1D,,A,,,,,,,99Q1=100,,,4,,4F0,,US dollar/Euro ECB reference exchange rate,"ECB reference exchange rate, US dollar/Euro, 2.15 pm (C.E.T.)",USD,0
EXR.D.USD.EUR.SP00.A,D,USD,EUR,SP00,A,2017-12-06,1.1817,A,F,,,P1D,,A,,,,,,,99Q1=100,,,4,,4F0,,US dollar/Euro ECB reference exchange rate,"ECB reference exchange rate, US dollar/Euro, 2.15 pm (C.E.T.)",USD,0
EXR.D.USD.EUR.SP00.A,D,USD,EUR,SP00,A,2017-12-07,1.1786,A,F,,,P1D,,A,,,,,,,99Q1=100,,,4,,4F0,,US dollar/Euro ECB reference exchange rate,"ECB reference exchange rate, US dollar/Euro, 2.15 pm (C.E.T.)",USD,0
EXR.D.USD.EUR.SP00.A,D,USD,EUR,SP00,A,2017-12-08,1.1742,A,F,,,P1D,,A,,,,,,,99Q1=100,,,4,,4F0,,US dollar/Euro ECB reference exchange rate,"ECB reference exchange rate, US dollar/Euro, 2.15 pm (C.E.T.)",USD,0
EXR.D.USD.EUR.SP00.A,D,USD,EUR,SP00,A,2017-12-11,1.1796,A,F,,,P1D,,A,,,,,,,99Q1=100,,,4,,4F0,,US dollar/Euro ECB reference exchange rate,"ECB reference exchange rate, US dollar/Euro, 2.15 pm (C.E.T.)",USD,0
EXR.D.USD.EUR.SP00.A,D,USD,EUR,SP00,A,2017-12-12,1.1766,A,F,,,P1D,,A,,,,,,,99Q1=100,,,4,,4F0,,US dollar/Euro ECB reference exchange rate,"ECB reference exchange rate, US dollar/Euro, 2.15 pm (C.E.T.)",USD,0
EXR.D.USD.EUR.SP00.A,D,USD,EUR,SP00,A,2017-12-13,1.1736,A,F,,,P1D,,A,,,,,,,99Q1=100,,,4,,4F0,,US dollar/Euro ECB reference exchange rate,"ECB reference exchange rate, US dollar/Euro, 2.15 pm (C.E.T.)",USD,0
EXR.D.USD.EUR.SP00.A,D,USD,EUR,SP00,A,2017-12-14,1.1845,A,F,,,P1D,,A,,,,,,,99Q1=100,,,4,,4F0,,US dollar/Euro ECB reference exchange rate,"ECB reference exchange rate, US dollar/Euro, 2.15 pm (C.E.T.)",USD,0
EXR.D.USD.EUR.SP00.A,D,USD,EUR,SP00,A,2017-12-15,1.1806,A,F,,,P1D,,A,,,,,,,99Q1=100,,,4,,4F0,,US dollar/Euro ECB reference exchange rate,"ECB reference exchange rate, US dollar/Euro, 2.15 pm (C.E.T.)",USD,0
EXR.D.USD.EUR.SP00.A,D,USD,EUR,SP00,A,2017-12-18,1.1795,A,F,,,P1D,,A,,,,,,,99Q1=100,,,4,,4F0,,US dollar/Euro ECB reference exchange rate,"ECB reference exchange rate, US dollar/Euro, 2.15 pm (C.E.T.)",USD,0
EXR.D.USD.EUR.SP00.A,D,USD,EUR,SP00,A,2017-12-19,1.1823,A,F,,,P1D,,A,,,,,,,99Q1=100,,,4,,4F0,,US dollar/Euro ECB reference exchange rate,"ECB reference exchange rate, US dollar/Euro, 2.15 pm (C.E.T.)",USD,0
EXR.D.USD.EUR.SP00.A,D,USD,EUR,SP00,A,2017-12-20,1.1845,A,F,,,P1D,,A,,,,,,,99Q1=100,,,4,,4F0,,US dollar/Euro ECB reference exchange rate,"ECB reference exchange rate, US dollar/Euro, 2.15 pm (C.E.T.)",USD,0
EXR.D.USD.EUR.SP00.A,D,USD,EUR,SP00,A,2017-12-21,1.1859,A,F,,,P1D,,A,,,,,,,99Q1=100,,,4,,4F0,,US dollar/Euro ECB reference exchange rate,"ECB reference exchange rate, US dollar/Euro, 2.15 pm (C.E.T.)",USD,0
EXR.D.USD.EUR.SP00.A,D,USD,EUR,SP00,A,2017-12-22,1.1853,A,F,,,P1D,,A,,,,,,,99Q1=100,,,4,,4F0,,US dollar/Euro ECB reference exchange rate,"ECB reference exchange rate, US dollar/Euro, 2.15 pm (C.E.T.)",USD,0
EXR.D.USD.EUR.SP00.A,D,USD,EUR,SP00,A,2017-12-27,1.1895,A,F,,,P1D,,A,,,,,,,99Q1=100,,,4,,4F0,,US dollar/Euro ECB reference exchange rate,"ECB reference exchange rate, US dollar/Euro, 2.15 pm (C.E.T.)",USD,0
EXR.D.USD.EUR.SP00.A,D,USD,EUR,SP00,A,2017-12-28,1.1934,A,F,,,P1D,,A,,,,,,,99Q1=100,,,4,,4F0,,US dollar/Euro ECB reference exchange rate,"ECB reference exchange rate, US dollar/Euro, 2.15 pm (C.E.T.)",USD,0
EXR.D.USD.EUR.SP00.A,D,USD,EUR,SP00,A,2017-12-29,1.1993,A,F,,,P1D,,A,,,,,,,99Q1=100,,,4,,4F0,,US dollar/Euro ECB reference exchange rate,"ECB reference exchange rate, US dollar/Euro, 2.15 pm (C.E.T.)",USD,0
